ID_Idiom;Idiom;Definition;Example;DateEntry;RandomNumber;Counter;Cumul;language
1; auf dem Posten sein;bereit sein;Auf ihn kann man sich verlassen. Wenn man ihn braucht, ist er immer auf dem Posten.;;800;0;0;d
2;arbeiten wie ein Pferd;Sehr schwer arbeiten;Vor dem Examen arbeitete er wie ein Pferd.;;1;0;0;d
3;auf jemanden (etwas) pfeifen;Auf j-n (etwas) keinen Wert legen oder verzichten;Wenn er mir das Buch nicht leihen will, dann pfeife ich eben darauf.;;1;0;0;d
4;dafür (darauf) gebe ich keinen Pfifferling;Dafür (darauf) gebe ich überhaupt nichts;Das Bild ist nur eine Kopie, dafür gebe ich keinen Pfifferling.- Auf das Gerede der Leute gebe ich keinen Pfifferling.;;23;0;1;d
5;ein teures Pflaster;Ein Ort, in dem man teuer lebt;Das Skiparadies St.Moritz ist ein teures Pflaster.;;1;0;0;d
6;eine bittere Pille schlucken;Etwas sehr Unangenehmes akzeptieren, sich fügen;Man hat ihn als Vereinsvorsitzenden abgewählt, aber er hat die bittere Pille mit Gelassenheit geschluckt.;;1;0;0;d
7;einen Pik au j-n haben;Einen Zorn, Groll auf j-n haben (Enstanden aus dem franz. Wort pique= Spieß);Der Chef hat einen Pik auf mich.;;1;0;0;d
8;ich pfeif´dir was;Ich tue nicht, was du willst;Du glaubst doch nicht etwa, ich werde dir nach unserem Streit noch einmal helfen. Ich pfeif´dir was !;;122;0;1;d
9;mach mir nicht die Pferde scheu;Rede nicht von Dingen, die meiner Sache schaden können.;Mach mir bitte nicht die Pferde scheu, ich glaube bestimmt an einen Erfolg.;;1;0;0;d
10;mich bringen keine zehn Pferde dorthin;Ich gehe auf keinen Fall dorthin;Keine zehn Pferde bringen mich in eine politische Versammlung.;;1;0;0;d
11;mit ihm kann man Pferde stehlen;er macht alles mit, auf ihn kann man sich unbedingt verlassen;Mit einem echten Freund kann man Pferde stehlen.;;1;0;0;d
12;platt sein;Sehr erstaunt sein;Als wir von ihrer Heirat hörten, waren wir platt;;1;0;0;d
13;seiner Phantasie die Zügel schießen lassen;Seiner Phantasie freien Lauf lassen;Man darf ihr nicht alles glauben, sie läßt oftmals ihrer Phantasie die Zügel schießen.;;348;0;1;d
14;sich aufs hohe Pferd setzen;Prahlen, angeben;Setz dich doch nicht so aufs hohe Pferd mit deinen paar Erfolgen im Sport ! Du bist auch nicht besser als andere.;;510;0;2;d
15;von der Pike auf;Von Anfang an, von der niedrigsten Stufe an;Er hat seinen Beruf von der Pike auf gelernt;;1;0;0;d
16;wie aus der Pistole geschossen;Sehr schnell;Jede Frage beantwortete er wie aus der Pistole geschossen.;;1;0;0;d
17;jemandem die Pistole auf die Brust setzen;J-n zwingen, etwas zu tun;Wenn du die Miete bis Montag nicht zahlst, setzt dir der Hauswirt die Pistole auf die Brust.;;1;0;0;d
18;alles mit Rang und Namen;Die Prominenz;Zu den Feierlichkeiten kam alles, was Rang und Namen hatte.;;1;0;0;d
19;an die Reihe kommen;Der nächste sein.;Wer kommt jetzt an die Reihe ?;;1;0;0;d
20;an etwas rangehen;Mit einer Arbeit, mit einem Unternehmen beginnen;Also gehen wir ran, damit wir bis zum Abend fertig werden.;;432;0;1;d
21;auf dem Posten sein;gesund sein;Dem alten Herrn geht es gut. Er ist noch immer auf dem Posten;;1;0;0;d
22;auf dem Präsentierteller sitzen;Im Blickpunkt aller Leute sein;Das hier ist kein guter Platz. Wir sitzen hier ja wie auf dem Präsentierteller.;;1;0;0;d
23;auf dem Pulverfaß sitzen;Sich in großer Gefahr befinden;In dem Land muß man immer mit revolten rechnen. Man sitzt dort auf dem Pulverfaß.;;1;0;0;d
24;Auf die Pauke hauen;Angeben;Du hast bei meinem Vater ganz schön auf die Pauke gehauen mit deinem neuen Wagen.;;339;0;1;d
25;Auf die Pauke hauen;Groß feiern;Nach dem Exam werden wir feiern. Da werden wir kräftig auf die Pauke hauen.;;52;0;1;d
26;auf etwas herumreiten;Immer bei demselben Thema bleiben;Können wir nicht mal das Thema wechseln ? Wir müssen ja nicht immer auf derselben Sache herumreiten.;;1;0;0;d
27;auf seine Rechnung kommen;Befriedigt werden;Auf dem Ball ist jeder auf seine Rechnung gekommen.;;348;0;0;d
28;aus der Reihe tanzen;Etwas anderes tun als die übrigen.;Du kommst nicht mit uns ? Warum mußt du eigentlich immer aus der Reihe tanzen ?;;1;0;0;d
29;außer Rand und Band geraten;Aufgeregt werden;Bei der Entscheidung des Schiedsrichters gerieten die Fußballfans außer Rand und Band.;;1;0;0;d
30;bis in die Puppen;Sehr lange;Wann wollt ihr denn endlich aufstehen ? Ihr schlaft ja bis in die Puppen !;;1;0;0;d
31;Daher pfeift also der Wind;Das ist also der Grund !;Entgegen seiner sonstigen Gewohnheit ist Alfred seit einiger Zeit sehr sparsam. Er will in Kürze heiraten. Daher pfeift also der Wind !;;114;0;1;d
32;das Feld räumen;Nachgeben, aufgeben;Als der junge Mann sah, daß sein Rivale mehr Chancen bei dem Mädchen hatte, räumte er das Feld.;;148;0;1;d
33;Das hat er für einen Pappenstiel gekauft.;Das hat er sehr billig gekauft.;Dieses Grundstück hat er damals für einen Pappenstiel gekauft.;;151;0;1;d
34;das konnte ich nicht riechen;Das konnte ich nicht wissen oder ahnen;Ich konnte wirklich nicht riechen, daß du heute noch ausgehen wolltest.;;1;0;0;d
35;Das paßt mir nicht in den Kram;Ich mag das nicht, das ist mir nicht angenehm, das kommt mir ungelegen.;Daß ich heute noch Überstunden machen soll, paßt mir überhaupt nicht in den Kram.;;248;0;1;d
36;das Pulver hat er nicht erfunden;Er ist nicht klug, er ist dumm;Von dem kannst du nichts anderes erwarten. Der hat das Pulver bestimmt nicht erfunden.;;1;0;0;d
37;das Recht mit Füßen treten;Das Recht mißachten;Wenn man Gerechtigkeit erwartet, darf man das Recht des andern nicht mit Füßen treten.;;141;0;0;d
38;den Rahm abschöpfen;Sich das beste nehmen;Bei dem Geschäft hat Ihr Partner den Rahm abgeschöpft.;;1;0;0;d
39;der Mutter am Rockzipfel hängen;Unselbständig sein;Er ist als einziger Sohn sehr verwöhnt. Mit dreißig Jahren hängt er noch immer am Rockzipfel seiner Mutter.;;1;0;0;d
40;die Probe aufs Exempel machen;Etwas gründlich prüfen;Wir wollen jetzt die Probe aufs Exempel machen und sehen, ob er sein Versprechen wirklich gehalten hat.;;481;0;1;d
41;die Rechnung geht nicht auf;Es wird anders als man denkt;Wir hatten gedacht, wir könnten hier ein gutes Geschäft machen, aber unsere Rechnung ist nicht aufgegangen.;;306;0;0;d
42;die Rechnung ohne den Wirt machen;Sich täuschen, sich irren.;"Er hatte fest damit gerechnet, daß sein Vater ihm für die Reise seinen Wagen zur Verfügung stellen würde; aber er hatte die Rechnung ohne den Wirt gemacht.";;379;0;0;d
43;Diese Arbeit ist kein Pappenstiel;Diese Arbeit ist keine Kleinigkeit;Was man gestern von uns im Betrieb verlangte, war kein Pappenstiel.;;80;0;2;d
44;du bist mir der Rechte;Du machst mehr Schaden, als du nützt.;Du willst mir nun beim Aufräumen helfen und zerschlägst dabei meine schönste Vase. Du bist mir der rechte !;;341;0;0;d
45;du bist mir der Rechte;Von dir hätte ich das nicht gedacht.;Du versprachst doch, diesmal bestimmt pünktlich zu sein, und nun läßt du uns wieder über eine Stunde warten. Du bist mir der Rechte !;;331;0;0;d
46;du hast gut reden;Du kannst leicht deine Meinung sagen, weil du nicht die Schwierigkeiten hast.;Du hast gut reden. Meine Lage ist nicht so einfach, wie sie aussieht.;;54;0;0;d
47;ein wunder Punkt;eine empfindliche Stelle, eine kritische Stelle in einer Angelegenheit;Der wunde Punkt bei dir ist, daß du immer so leicht beleidigt bist.;;1;0;0;d
48;eine große  Rolle spielen;Wichtig sein;Geld spielt bei euch ja keine große Rolle.;;51;0;1;d
49;Eine gute Partie machen;Jn heiraten, der reich ist;Wie viele Mädchen träumen davon, einmal eine gute Partie zu machen.;;249;0;2;d
50;eine reine Weste haben;Unbescholten sein.;Er behauptet, an der Unterschlagung nicht beteiligt gewesen zu sein und eine reine Weste zu haben.;;159;0;0;d
51;einen guten Riecher haben;Eine feine Nase (für den Vorteil) haben, alles gleich merken.;Für ein gutes Geschäft hat sie schon immer einen guten Riecher gehabt.;;1;0;0;d
52;einer Sache einen Riegel vorschieben;Eine beabsichtigte Angelegenheit verhindern.;Den Preistreibereien gewisser Großfirmen sollte endlich ein Riegel vorgeschoben werden.;;241;0;0;d
53;er benimmt sich wie ein Elefant im Porzellanladen;Er ist plump, ungeschickt;Für geschäftliche Verhandlungen ist er gänzlich unbrauchbar. Er benimmt sich wie ein Elefant im Porzellanladen.;;1;0;0;d
54;er macht ein Gesicht wie zehn Tage Regenwetter.;Er macht ein sehr trübsinniges Gesicht.;Nanu, was ist dir denn passiert ? Du machst ja ein Gesicht wie zehn Tage Regenwetter.;;1;0;0;d
55;Er soll bleiben, wo der Pfeffer wächst;Er soll nur fortbleiben, er soll nicht kommen;Ich lege keinen Wert auf seinen Besuch, er soll bleiben, wo der Pfeffer wächst.;;1;0;0;d
56;es sieht aus wie in einer Räuberhöhle;Es sieht sehr unordentlich aus;Du solltest endlich mal dein Zimmer aufräumen. Hier sieht es ja aus wie in einer Räuberhöhle.;;1;0;0;d
57;Es steht unterm Pantoffel;Er macht alles, was seine Frau will;Im Betrieb spielt er den starken Mann und zu Hause steht er unterm Pantoffel.;;195;0;0;d
58;Es wird ihm keine Perle aus der Krone fallen;Er wird nichts von seinem Ansehen, seinem Ruf einbüßen;Es wird dir schon keine Perle aus der Krone fallen, wenn du als Mann auch mal den Kinderwagen schiebst.;;288;0;0;d
59;Etwas in petto haben;Etwas in Bereitschaft haben, etwas tun wollen;Sollte es in der Verhandlung zum Äußersten kommen, habe ich immer noch einen Trumpf in petto, den ich gegebenfalls ausspielen könnte.;;143;0;0;d
60;etwas ins reine bringen;Eine Sache in Ordnung bringen.;Bis zum nächsten Monat will der Schuldner die Sache ins reine bringen.;;231;0;0;d
61;ich kann es mir doch nicht aus den Rippen schneiden.;Ich weiß nicht, woher ich es nehmen soll.;Schon wieder willst du einen neuen Wagen haben. Wir können uns das Geld doch nicht aus den Rippen schneiden.;;1;0;0;d
62;ihn hat der Teufel geritten;Er wußte nicht, was er tat.;Wie er zu der Tat kam, kann er heute nicht mehr sagen. Ihn muß wohl der Teufel geritten haben.;;1;0;0;d
63;In der Patsche sitzen;Unannehmlichkeiten, Schwierigkeiten haben.;Ich habe vergessen, einen neuen Paß zu beantragen. Jetzt sitze ich schön in der Patsche.;;177;0;0;d
64;in die Röhre schauen;von etwas, was für alle bestimmt ist, nichts abbekommen.;Die Gäste stürzten sich sogleich auf das kalte Büffet, so daß es gleich leer war. Ich konnte nur noch in die Röhre schauen.;;1;0;0;d
65;j-m auf die Pelle rücken;J-m mit einer unangenehmen Bitte dauernd belästigen.;Rück mir doch nicht immer mit denselben Wünschen auf den Pelz. Laß dir mal was anderes einfallen.;;8;0;0;d
66;j-m auf die Pelle rücken;J-m nahe (auf den Leib) rücken;Bleib doch auf deinem Platz sitzen und rücke mir nicht dauernd auf die Pelle.;;54;0;0;d
67;j-m den Rang ablaufen;J-n übertreffen;Bei dem Tazturnier lief ein bis dahin unbekanntes Paar dem Meisterpaar den Rang ab.;;1;0;0;d
68;j-m den Rest geben;J-n zugrunde richten, j-n ruinieren.;Die Firma hatte schon immer Schwierigkeiten. Die Wirtschaftsflaute im letzten Jahr hat ihr dann endgültig den Rest gegeben.;;1;0;0;d
69;j-m etwas in den Rachen werfen;J-m etwas geben, ohne daß dieser sich darum zu bemühen brauchte.;Es ist unverständlich, warum er diesem Gauner so viel Geld in den Rachen wirft.;;187;0;0;d
70;j-m Rede und Antwort stehen;Auf j-s Fragen antworten;Er sollte wegen seiner Unkorrektheiten im Geschäft bei seinem Chef Rede und Antwort stehen.;;387;0;0;d
71;j-n aus dem Wege räumen;J-n umbringen, j-n töten;Er hätte seinen Rivalen am liebsten aus dem Wege geräumt.;;90;0;0;d
72;J-n in die Pfanne hauen;J-n bloßstellen;Du hast mich gestern ja beim Chef ganz schön in die Pfanne gehauen.;;355;0;0;d
73;j-n in die Quere kommen;J-n stören bei etwas;Bitte komm mir jetzt nicht in die Quere, ich muß noch meine Koffer packen. Und ich habe nicht mehr viel Zeit.;;1;0;0;d
74;j-n in die Quere kommen;J-s Pläne durch unerwartetes Dazwischentreten durchkreuzen;Ich ahnte doch, daß die Opposition mit ihrem Antrag der Regierung noch in die Quere kommt.;;396;0;0;d
75;j-n zur Rede stellen;Von j-m verlangen, daß er zu einer bestimmten Sache etwas sagt, oder daß er antwortet.;Wegen ihrer dreisten Lügen wurde sie von ihrer Mutter zur Rede gestellt.;;61;0;0;d
76;Jn auf die Palme bringen;Jn in Wut bringen;Steuererhöhungen können selbst den friedlichsten Bürger auf die Palme bringen.;;509;0;0;d
77;kurzen Prozeß mit etwas (mit j-m) machen.;Etwas ohne Umstände erledigen;Ich warte nicht mehr länger auf die Miete. Jetzt mache ich kurzen Prozeß und übergebe die Sache einem Rechtsanwalt.;;384;0;0;d
78;kurzen Prozeß mit j-n  machen;J-n ohne Umstände behandeln, j-n kurz abfertigen;Wegen seiner Frechheiten machte er kurzen Prozeß mit ihm und warf ihn hinaus.;;1;0;0;d
79;mit j-m (etwas) nicht zu Rande kommen;mit j-m (etwas) nicht fertig werden;Eigentlich woolte sie Lehrerin werden. Da sie aber mit den Schülern nicht zu Rande kam, hat sie ihren Plan aufgegeben.;;1;0;0;d
80;mit j-m ins reine kommen;Mit j-m einig werden;Über die Liefertermine sind wir ins reine gekommen.;;1;0;0;d
81;miteinander quitt sein;gegenseitig keine Forderungen mehr haben, eine Angelegenheit untereinander erledigt haben.;Wenn du mir jetzt noch 10 Mark gibst, sind wir miteinander quitt.;;208;0;0;d
82;nach allen Regeln der Kunst;Mit allen Mitteln;Man darf ihm nicht glauben. Er lügt nach allen Regeln der Kunst.;;38;0;0;d
83;Nach j-s Pfeife tanzen;J-m widerspruchslos gehorchen;Er ist ein Tyran, alle müssen nach seiner Pfeife tanzen.;;1;0;0;d
84;nun ist guter Rat teuer;Was soll man jetzt tun ? (redensart in einer ausgeglosen Situation).;Die Ärzte sahen die einzige Hilfe in einer Operation. Da jedoch dr körperliche Zustand des Kranken zu schlecht war, war guter Rat teuer.;;1;0;0;d
85;Pech haben;Unglück haben;Sie war im Urlaub an der See, aber sie hatte Pech mit dem Wetter.;;267;0;0;d
86;Perlen vor die Säue werfen;Etwas wertvolles an Unwürdige geben;Inge ist völlig unmusikalisch. Ihr eine Konzertkarte zu schenken, hieße Perlen vor die Säue werfen.;;400;0;0;d
87;Prinzipien reiten;Prinzipien immer wieder anwenden;Er ist ein Pedant. Selbst in Kleinigkeiten reitet er seine Prinzipien.;;1;0;0;d
88;reden, wie einem der Schnabel gewachsen ist;Ohne Überlegungen und ohne guten Stil reden;Jeder mochte den alten Mann gern. Er war so natürlich und redete, wie ihm der Schnabel gewachsen war.;;7;0;0;d
89;Reißaus nehmen;feige fliehen, ängstlich davonlaufen;Als die Jungen sahen, daß sie beim Äpfelstehlen beobachtet wurden, nahmen sie Reißaus.;;1;0;0;d
90;sein Pulver (vorzeitig) verschossen haben;Seine Mittel, Argumente, Energien verschwendet haben, bevor die eigentlichen Schwierigkeiten beginnen.;Anstatt seine besten Trümpfe noch zurückzuhalten, hat er sein ganzes Pulver schon vorzeitig verschossen.;;1;0;0;d
91;sich die Hände reiben;Sich (über den glücklichen Ausgang einer unangenehmen Sache) freuen.;Über den Abschluß eines so unerwartet großen Auftrages rieb sich der Direktor vergnügt die Hände.;;78;0;0;d
92;sich recht und schlecht durschlagen;Ein sorgenvolles, aber ehrliches Leben führen.;Er muß sich mit seiner kinderreichen Familie recht und schlecht durchschlagen.;;187;0;0;d
93;sich um etwas reißen;Etwas unbedingt haben wollen;Beim Ausverkauf reißen sich die Hausfrauen um die preiswerten Angebote.;;1;0;0;d
94;so schnell schießen die Preußen nicht;So schnell geht das nicht;Kaufst du heute den neuen Wagen ? - Nein, so schnell schießen die Preußen nicht.;;29;0;0;d
95;unter die Räder kommen;Zugrunde gehen;Wenn Sie auf Ihren leichtsinnigen Jungen nicht aufpassen, kommt er noch unter die Räder.;;436;0;0;d
96;unter die Räuber fallen;In eine üble Lage oder in schlechte Gesellschaft geraten;Macht euch keine Sorgen um mich. Mir geht es gut, und ich bin noch nicht unter die Räuber gefallen.;;1;0;0;d
97;vom Regen in die Traufe kommen;Von einer schlimmen Lage in eine noch schlimmere kommen.;Sie glaubte, sich in ihrer neuen Stellung verbessern zu können, aber sie ist vom Regen in die Traufe gekommen.;;83;0;0;d
98;wie ein begossener Pudel dastehen;Beschämt, kleinlaut sein;Was ist dir denn passiert ? Du stehst ja da wie ein begossener Pudel;;1;0;0;d
99;wie ein Buch reden;Sehr viel sprechen;Tante Olga ist eine Nervensäge, sie redet wie ein Buch;;78;0;0;d
100;Wie Pech und Schwefel aneinander hängen (fam);Unzertrennlich sein, fest zusammenhalten;Die Freunde hingen wie Pech und Schwefel aneinander.;;312;0;0;d
101;a grandes rasgos;Sin detalles, superficialmente;Como el conferenciante disponía de poco tiempo para exponer sus teorías con todo detalle, tan sólo hizo una descripción de la mismas a grandes rasgos.;20.02.1999 00:00;639;0;0;s
102;a pies juntillas;Sin ninguna sombra de duda (creer);Aunque su amiga le dijo en broma que a Antonio le había tocado la lotería, ella se lo creyó a pies juntillas.;20.02.1999 00:00;545;0;0;s
103;como Dios me dio a entender;Arreglándoselas como uno puede;No sabes que el domingo pasado se me paró el coche en mitad de la autopista? No veas què sofoco! Menos mal que, al final, como Dios me dio a entender, logré ponerlo nuevamente en marcha y pude continuar el viaje.;20.02.1999 00:00;698;0;0;s
104;a la chita callando;En secreto, con disimulo;Cuando Marìa se dio cuenta de que también estaba en la reunión su antiguo novio, salió de la sala a la chita callando.;20.02.1999 00:00;618;0;0;s
105;a pierna suelta;Con completa despreocupación (dormir);Genaro no pudo pegar ojo a causa de la tormenta. Sin embargo, su esposa durmió toda la noche a pierna suelta.;20.02.1999 00:00;413;0;0;s
106;como Dios manda;Debidamente, bien;El jefe siempre me reprocha que invierto demasiado tiempo en las tareas que me encomienda, pero es que a mí, desde pequeno, siempre me ha gustado hacer la cosas como Dios manda.;20.02.1999 00:00;700;0;0;s
107;a las tantas;A qualquier hora muy avanzada del día o de la noche;Cada vez que sale por la noche, vuelve a su casa a las tantas. Ayer, por ejemplo, llegó a las cinco de la manana.;20.02.1999 00:00;666;0;0;s
108;a sabiendas;Con conocimiento del valor, consecuencias, etc. de la acción de que se trata;Aun a sabiendas de que me molestaba, mi vecino estuvo toda la tarde dando martillazos en la vivienda de arriba.;20.02.1999 00:00;556;0;0;s
109;sin encomendarse ni a Dios ni al diablo;Irreflexivamente, sin tomar las debidas precauciones;Aun en los días más desapacibles del invierno, es frecuente que los turistas nórdicos que nos visitan se internen, sin encomendarse a Dios ni al diablo, en las no siempre mansas aguas de nuestro litoral playero.;20.02.1999 00:00;700;0;0;s
110;a quemarropa;Desde muy cerca;El ladrón encanonó con la pistola al director del Banco y le disparó dos tiros a quemarropa.;20.02.1999 00:00;553;0;0;s
111;a disguto;Con desagrado;Ya habían tenido anteriormente un cruce de palabras no precisamente carinosas, y se sentía a disguto en aquella situación embarazosa que él no había propiciado, al menos deliberadamente.;20.02.1999 00:00;630;0;0;s
112;a rajatabla;Con todo rigor, de manera absoluta;En vista de que no había dado resultado la política de buena voluntad iniciada por el equipo anterior, el nuevo ministro decidió hacer cumplir los horarios a rajatabla.;20.02.1999 00:00;683;0;0;s
113;por las buenas;de buen agrado, voluntariamente;Siempre es preferible arreglar las cosas por la buenas cuando surgen problemas por cuestiones de herencia, pues si uno se pone en manos de abogados pierde mucho tiempo y dinero.;21.02.1999 00:00;800;0;0;s
114;cada dos por tres;con mucha frecuencia;Antes no solía ir casi nunca por casa, pero desde que se mudó de domicilio nos visita cada dos por tres.;21.02.1999 00:00;800;0;0;s
115;a secas;solamente, sin otra cosa alguna;"Cuando el juez preguntó al acusado si había cometido el delito que se le imputaba, éste se limitó a contestar con un ""no"" a secas.";21.02.1999 00:00;800;0;0;s
116;a paso de tortuga;lentamente;Aquella manana los alumnos llegaron tarde a la escuela porque vinieron de sus casas a paso de tortuga.;21.02.1999 00:00;800;0;0;s
117;en un dos por tres;muy rápidamente, en poquísimo tiempo;El dependiente, que se percató de la prisa que tenía Juan, se apresuró a tranquilizarlo diciéndole que no se preocupara, que le envolvería el paquete en un dos por tres.;21.02.1999 00:00;800;0;0;s
118;a tiro hecho;con propósito deliberado y bien definido;Cuando necesito una prenda de vestir, siempre voy a tiro hecho, pues no me gusta ir de tienda probándome distintos modelos.;21.02.1999 00:00;800;0;0;s
119;a la desesperada;con un esfuerzo desesperado por lograr lo que se pretende o encontrar la salvación;Cuando el barco naufragó, los tripulantes lucharon a la desesperada contra las olas, pero perecieron en el empeno.;21.02.1999 00:00;800;0;0;s
120;a duras penas;apuradamente, con mucho trabajo;Nuestro propósito era cmprarnos una vivienda en la zona centro. Sin embargo, y por aquello de los precios altos, tuvimos que desistir de tan ingenua pretensión. Al final, a duras penas, conseguimos un piso pequeno en las afueras.;21.02.1999 00:00;800;0;0;s
121;a trancas y barrancas;con tropiezos, dificultades o interrupciones;Antonio no dedica mucho tiempo a sus estudios y va aprobando a trancas y barrancas.;21.02.1999 00:00;353;0;0;s
122;daban abasto;no entry;Aunque en aquella fiesta había una plantilla bastante numerosa de camareros, no daban abasto para servir a los invitados, que eran más de doscientos.;21.02.1999 00:00;800;0;0;s
123;estar a las duras y a las maduras;aceptar la parte o el aspecto desagradable de una cosa lo mismo que se disfruta el bueno o agradable.;Aunque en épocas de crisis, como la que estamos padeciendo, los negocios no vayan bien, no hay que perder la esperanza, Vicente. Además, en esto, al igual que ocurre con otras muchas cosas en la vida, tenemos que estar a las duras y a las maduras.;21.02.1999 00:00;800;0;0;s
124;ahuecar el ala;irse, marcharse, largarse;"Los alborotadores ahuecaron el ala cuando vieron que venía la policía; según testigos presenciales, salieron corriendo en dirreción sur.";21.02.1999 00:00;800;0;0;s
125;con la boca abierta;atónito;A la pobre anciana le arrebataron el bolso de mano con tanta rapidez, que se quedó con la boca abierta y no pudo reaccionar.;21.02.1999 00:00;800;0;0;s
126;echarse atrás;desdecirse, por ejemplo de un trato o de una promesa;Hay que ver la poca formalidad que existe hoy en día a la hora de comprar algo! Cierran el trato contigo y cuando menos te lo esperas se echan atrás y se quedan tan frescos.;21.02.1999 00:00;800;0;0;s
127;andar metido en líos;estar comprometido en situaciones difíciles;Pedro es un hombre muy pendenciero: siempre anda metido en líos.;21.02.1999 00:00;8;0;0;s
128;a bocajarro;bruscamente, sin preparación;La enfermera llamó a mi amiga por teléfono y les espetó a bocajarro que su madre había fallecido.;21.02.1999 00:00;388;0;0;s
129;crever, vider l'abcès;atteindre les racines, les causes d'un mal, d'un malaise, d'une mauvaise situation, et procéder à une épuration énergique. Allusion à l'opération chirurgicale sur un abcès.;Après avoir découvert ces scandales dans l'administration, le gouvernement a décidé de crever l'abcès: il a nommé une commission ayant pleins pouvoirs pour faire enquête.;21.02.1999 00:00;800;0;0;s
130;être aux abois;"Être désespéré; être à la dernière extrémité. La locution vient de cerf aux abois. Lorsque le cerf tombait d'épuisement, on disait qu'il était aux abois, parce que les chiens aboyaient autour de lui.";Ruiné, dévasté, n'ayant plus ni munitions ni vivres, le pays était aux abois, et le gouvernement a demandé l'armistice.;21.02.1999 00:00;800;0;0;s
131;la corne d'abondance;la richesse, la prospérité. Allusion mythologique: la corne remplie de fruits et de fleurs provenant de la chèvre Amalthée, laquelle avait nourri Jupiter;Ce n'est certes pas la corne d'abondance, mais nous sommes sûrs que ces réformes de la sécurité sociale vont aider un grand nombre de familles à mieux vivre.;21.02.1999 00:00;800;0;0;s
132;briller par son absence;facon ironique de souligner l'absence d'une personne ou de quelque chose.;Malgré la tempête, tous les élèves étaient en classe, mais le professeur, lui, brillait par son absence.;21.02.1999 00:00;800;0;0;s
133;de même acabit;terme méprisant pour dire: de même qualité, du même genre, de même nature.;Il a remporté une éclatante victoire, mais les sondages d'opinion et autres prophètes de même acabit annoncaient une défaite écrasante.;21.02.1999 00:00;800;0;0;s
134;le talon d'Achille;le point faible, vulnérable, de quelqu'un. Allusion mythologique: Achille n'était vulnérable qu'au talon.;Ses adversaires ne peuvent rien lui reprocher, sinon que sous l'occupation, il se serait compromis avec le régime de Vichy. C'est son talon d'Achille, et ils ne manquent jamais une occasion de l'attaquer sur ce point.;21.02.1999 00:00;800;0;0;s
135;a l'affût;épier, guetter, une occasion, quelque chose qui passe, qui se produit. L'affût est l'endroit où le chasseur se poste pour attendre le gibier.;Avec les journalistes, il faut être prudent et discret: ils sont toujours à l'affût des nouvelles.;21.02.1999 00:00;800;0;0;s
136;partir por el eje a alguien;causarle un gran perjuicio;Joaquín anda disgustado desde que sus padres le comunicaron que en breve se cambiarían de barrio. La verdad, tiene razón, porque, a sus anos, con la pandilla ya formada y todo, una circunstancia de esa naturaleza parte por el eje a cualquiera.;21.02.1999 00:00;151;0;0;s
137;andarse uno con rodeos;decir algo sin la claridad necesaria, o eludiendo decir la verdad;Lo mejor es no andarse con rodeos y decirle claramente lo que uno piensa.;21.02.1999 00:00;145;0;0;s
138;a pedir de boca;todo lo bien que cabe desear;El professor nos hizo preguntas tan fáciles, que el examen nos salió a pedir de boca.;21.02.1999 00:00;800;0;0;s
139;dar ejemplo;hacer algo que pueda servir de modelo positivo para alguien;Muchos educadores, en lugar de dar ejemplo ante sus alumnos, lo que hacen es incitarlos a adoptar comportamientos poco edificantes. Lo que han cambiad las cosas!;21.02.1999 00:00;800;0;0;s
140;hacérsele a alguien la boca agua;pensar con delectación en una cosa, particularmente de comer;Siempre que pasábamos por delante de la pastelería se nos hacía la boca agua al ver aquella variedad exquisita de riquísimos pasteles.;21.02.1999 00:00;800;0;0;s
141;a empellones;a empujones;El empleado del establecimiento, al ver que el alborotador desoía sus requerimientos para que abandonara el local, tomó la drástica determinación de sacarlo a la calle a empellones.;21.02.1999 00:00;607;0;0;s
142;armar una marimorena;producirse una rina, altercado, alboroto de grandes proporciones;Cuando se entere María de que su novio le ha estado poniendo los cuernos con una extranjera va a armar la marimorena.;21.02.1999 00:00;800;0;0;s
143;sin decir esta boca es mía;sin abrir la boca, sin hablar;Todos los companeros de la oficina pensaron que Alberto se había enfadado con ellos, pues había estado tres días sin decir esta boca es mía.;21.02.1999 00:00;290;0;0;s
144;no entrar ni salir alguien en cierta cosa;no intervenir o influir en ella;Ya sabes que a Remedios le gusta no poco el cotilleo. Desde luego, yo no soy así: en los asuntos que no me conciernen no entro ni salgo.;21.02.1999 00:00;800;0;0;s
145;bailarle el agua a alguien;tratar de serle grato, halagándolo o dándole en todo la razón;No cabe duda de que el procedimiento más rápido para ascender en el puesto es bailarle el agua al jefe.;21.02.1999 00:00;800;0;0;s
146;meterse a alguien en el bolsillo;ganar sus simpatías, su apoyo, conquistarlo;La actriz de la obra de teatro de anoche no trabajaba muy bien, pero era tan simpática, que se metió al público en el bolsillo.;21.02.1999 00:00;800;0;0;s
147;entre la espada y la pared;en trance de tener que decidirse por una de dos cosas igualmente malas;Ana había puesto a su marido entre la espada y la pared al espetarle que, o dejaba aquel trabajo tan absorbente que tenía, o pedía el divorcio de inmediato. Al pobre Gustavo, bien a su pesar, no le quedó más opción que consentir.;21.02.1999 00:00;23;0;1;s
148;beber los vientos por alguien;estar enamorado de alguien, desvivirse por alguien;Antonio se bebe los vientos por mi cunada Loli. Hasta tal punto está loco por ella, que no duerme pensando en cómo conseguir que le haga caso.;21.02.1999 00:00;800;0;0;s
149;a borbotones;violentamente y con discontinuidad;Mientras me afeitaba, me corté la barbilla, y la sangre empezó a manar a borbotones.;21.02.1999 00:00;800;0;0;s
150;cubrirse las espaldas;contar, al acometer una empresa, con seguridades que le garanticen contra cualquier riesgo;Una cosa es la valentía y otra -muy distinta- la insensatez. No te das cuenta de que, por meterse en esa empresa, hace falta primero cubrirse las espaldas? Ya tendrás tiempo de realizar ese proyecto en el futuro.;21.02.1999 00:00;607;0;1;s
151;dans la fleur de l'âge;"Époque de sa vie où l'on est dans toute sa force; première jeunesse; printemps de la vie.";C'était une tante de ma grand-mère. Comme elle est morte dans la fleur de l'âge, elle a laissé beaucoup de regrets, et on en parle encore dans la famille.;21.02.1999 00:00;800;0;0;f
152;entre deux âges;"ni jeune ni vieux; d'un âge difficile à déterminer";C'est un homme entre deux âges, mais il a encore l'air jeune. Je lui donnerais une quarantaine d'années.;21.02.1999 00:00;800;0;0;f
153;l'âge ingrat;la période de la puberté. Dans le même sens: l'âge bête.;Il n'est pas méchant, mais il traverse cet âge difficile, entre l'enfance et l'adolescence, qu'on appelle justement l'âge ingrat. Il faut vous efforcer de le comprendre et de gagner sa confiance.;21.02.1999 00:00;353;0;1;f
154;l'âge d'or;une époque heureuse, prospère, florissante.;L'époque de la prohibition aux États-Unis fut l'âge d'or des contrebandiers et de la mafia.;21.02.1999 00:00;145;0;1;f
155;être aux aguets;"être sur ses gardes; rester en éveil; surveiller.";"Au début de l'automne, je suis continuellement aux aguets; dès qu'il y a menace de gel, je casse mes tomates et je les rentre.";21.02.1999 00:00;800;0;0;f
156;chercher une aiguille dans une botte de foin.;chercher une chose très difficile, sinon impossible à trouver.;J'ai essayé de retrouver l'article dont je vous avais parlé. Mais autant chercher une aiguille dans une botte de foin. Vous comprenez, avec le nombre de journaux que je lis.;21.02.1999 00:00;800;0;0;f
157;a tire-d'aile;très rapidement. Au sens propre, se dit de l'oiseau qui avance avec toute la force de ses ailes.;L'an dernier, il était encore bien et assez fort, mais à son âge, vous savez, la vieillesse fonce sur nous à tire-d'aile.;21.02.1999 00:00;800;0;0;f
158;avoir du plomb dans l'aile.;"être gravement atteint; être diminué, physiquement ou moralement. Allusion à l'oiseau blessé à l'aile par un chasseur.";Il est remis de son accident, du moins dans la mesure où on peut se remettre de blessures aussi graves. Mais il a du plomb dans l'aile, et il devra toujours se ménager.;21.02.1999 00:00;800;0;0;f
159;battre de l'aile;avoir perdu une partie de sa force, de sa puissance. La locution complète , à l'origine était ne battre que d'une aile, par allusion à l'oiseau blessé qui essaie de voler avec une seule aile.;Ses affaires ne vont pas bien. Depuis la grève de l'an dernier, l'entreprise bat de l'aile, et je ne serais pas surpris qu'il fasse faillite.;21.02.1999 00:00;800;0;0;f
160;se brûler les ailes;perdre son crédit, sa réputation, dans une mésaventure, une mauvaise affaire. Allusion au papillon qui, s'étant brûlé à la flamme, ne peut plus voler.;Il s'est brûlé les ailes lors de la grève des cheminots. Il leur avait fait des promesses, mais après trois semaines, ils ont dû retourner au travail sans avoir rien obtenu.;22.02.1999 00:00;800;0;0;f
161;voler de ses propres ailes;Être en état d'agir sans l'aide, le secours ou les conseils des autres. Allusion à l'oiseau qui commence à voler seul.;Mon fils a fini ses études et il a commencé à travailler. Il peut maintenant voler de ses propres ailes, il n'a plus besoin de moi.;22.02.1999 00:00;800;0;0;f
162;en l'air;se dit généralement de paroles, propos, promesses, projets, ou autres choses du même genre, qui ne méritent pas d'être prises au sérieux ou qu'0n considère comme frivoles.;Quand il dit, comme ca, qu'il va abandonner ses études pour se marier et travailler, il ne faut pas le prendre au sérieux. Ce sont des paroles en l'air auxquelles il est le premier à ne pas croire.;22.02.1999 00:00;800;0;0;f
163;vivre de l'air du temps;vivre sans travailler, sans revenus assurés. Dans le même sens: vivre d'amour et d'eau fraîche;Il y a des jeunes qui ne préparent pas leur avenir. Ils s'imaginent que, plus tard, le gourvernement va les faire vivre, ou qu'ils vont vivre de l'air du temps.;27.02.1999 00:00;800;0;0;f
164;en parler à son aise;formule qu'on emploie pour reprocher à quelqu'un de ne pas connaître les difficultés, les ennuis des autres, et de raisonner comme si ces ennuis n'existaient pas.;Il ne trouve pas que les impôts sont élevés! Il peut en parler à son aise, lui, avec les revenus qu'il a. Mais il verrait les choses autrement s'il était dans la situation d'un pauvre homme comme moi.;27.02.1999 00:00;800;0;0;f
165;en prendre à son aise;agir à sa guise, avec désinvolture, faire ce qui nous plaît, sans se soucier de ce que pensent ou disent les autres.;Il y a un règlement qui défend de fumer dans les salles de cours, mais les étudiants en prennent à leur aise avec les règlements.;27.02.1999 00:00;800;0;0;f
166;c'est de l'algèbre pour moi;même sens que c'est du chinois;Je me considère comme un homme cultivé, mais je vous avoue que le structuralisme, le marxisme, le freudisme, tout cela c'est de l'algèbre pour moi, et je ne m'en porte pas plus mal.;27.02.1999 00:00;800;0;0;f
167;de bon aloi;de bonne qualité. S'est dit d'abord de l'alliage des métaux précieux. Dans le sens contraire: de mauvais aloi.;Il aime bien se moquer un peu de ses amis et même faire de mots d'esprit à leurs dépens. Mais il n'est pas méchant et ses plaisanteries sont toujours de bon aloi.;27.02.1999 00:00;800;0;0;f
168;attendre que les alouettes nous tombent rôties dans le bec;ne rien faire pour obtenir ce qu'on veut, pour arriver à ses fins, pour satisfaire ses besoins: s'en remettre aux autres ou au hasard.;Il n'a fait aucune démarche pour se trouver un emploi. S'il attend que les alouettes lui tombent rôties dans le bec, il va rester longtemps chômeur.;27.02.1999 00:00;290;0;1;f
169;un alter ego;personne en qui on a pleine confiance, par qui on peut se faire remplacer. Du latin: un autre soi-même.;Vous pouvez parler devant lui. C'est plus que mon secrétaire, c'est mon alter ego.;27.02.1999 00:00;145;0;1;f
170;à fendre l'âme;"a faire pleurer; à exciter la pitié, la compassion.";Lorsque les policiers sont venus arrêter son mari, la pauvre femme s'est mise à pousser des cris à fendre l'âme.;27.02.1999 00:00;151;0;1;f
171;corps et âme;"en y mettant tout son coeur, son énergie, son dévouement; entièrement; complètement.";Hélas! il me reste bien peu de temps pour écrire. J'aime beaucoup l'enseignement et je me donne corps et âme à ma tâche.;27.02.1999 00:00;388;0;1;f
172;en son âme et conscience;avec la plus grande sincérité. Vieille formule de droit qui avait la valeur d'un serment.;Ne croyez pas le mal qu'on peut dire de lui. Je le connais bien et je puis vous assurer en mon âme et conscience qu'il est digne de votre confiance.;27.02.1999 00:00;8;0;1;f
173;pas âme qui vive;personne;Si les gens l'on su, ce n'est pas par moi. Je n'en ai parlé à âme qui vive.;27.02.1999 00:00;381;0;1;f
174;une belle, bonne âme;une personne simple, bien intentionnée. Si dit souvent avec ironie des gens sensibles ou qui veulent trop bien faire.;Toutes les fins de semaine, ce sont des hécatombes sur nos routes. Les bonnes âmes s'en affligent, mais ca ne change rien.;27.02.1999 00:00;800;0;0;f
175;vivre d'amour et d'eau fraîche;ne pas se soucier des conditions matérielles de la vie, comme les amoureux à qui l'être aimé suffit, et qui n'ont pas d'autres désirs, d'autres besoins.;Depuis qu'il est marié, il néglige son bureau. Il devrait pourtant savoir qu'on ne vit pas toute sa vie d'amour et d'eau fraîche..;27.02.1999 00:00;355;0;1;f
176;bon an, mal an;"en moyenne, les bonnes années compensant pour les mauvaises; que ca aille bien ou que ca aille mal.";Il y a des années où la récolte est moins bonne, mais on peut dire que bon an, mal an, sa ferme lui assure un revenu très satisfaisant.;27.02.1999 00:00;353;0;1;f
177;être serrés comme des anchois;même sens que comme des sardines.;Les réfugiés arrivaient par centaines. On les entassait dans des baraques où ils étaient serrés comme des anchois, mais au moins,  ils étaient à l'abri de la pluie et du froid.;27.02.1999 00:00;208;0;1;f
178;le bonnet d'âne;bonnet en papier avec des cornes imitant les oreilles d'un âne et qu'on placait sur la tête des élèves paresseux, durant la classe, pour leur faire honte.;Je corrige des copies d'examens. Si j'étais le ministre de l'Éducation, dans bien des cas, ce n'est pas un diplôme que je donnerais à ces élèves, mais un bonnet d'âne.;28.02.1999 00:00;673;0;;f
179;c'est un ange qui passe;remarque qu'on fait lorsqu'au cours d'une conversation un silence se produit, à propos de rien. La formule viendrait des couvents de jeunes filles.;Tiens! Il n'y a plus personne qui parle tout à coup. Ce doit être un ange qui passe. Pour revenir à mon propos...;28.02.1999 00:00;800;0;;f
180;être aux anges;être content, heureux, ravi;Depuis que son mari est maire de la ville, elle est aux anges. C'était son rêve à elle beaucoup plus, j'en suis sûr, qu'à lui.;28.02.1999 00:00;800;0;;f
181;une patience d'ange;une patience inlassable;Sa femme est nerveuse, neurasthénique, acariâtre. Mais il a une patience d'ange et il la supporte.;28.02.1999 00:00;800;0;;f
182;filer, partir à l'anglaise;partir discrètement, sans prendre congé. Il est intéressant de noter que les Anglais disent: To take French leave, filer à la francaise.;Il faut que je rentre de bonne heure. Si vous le permettez, je vais filer à l'anglaise. Si je salue vos invités, je pourrais donner le signal du départ.;28.02.1999 00:00;800;0;;f
183;il y a anguille sous roche;Il y a, en dessous de cela, quelque chose de caché, de mystérieux, de louche, d'inquiétant.;Lorsqu'un pays propose de mettre fin aux armements nucléaires, les autres se demandent s'il est sincère, s'il n'a pas quelque intention secrète, s'il n'y a pas anguille sous roche, et ils se méfient.;28.02.1999 00:00;800;0;;f
184;chanter toujours la même antienne;toujours dire, répéter la même chose. Dans le chant liturgique, l'antienne a le sens de refrain.;Quand nous partons en excursion, la mère nous chante toujours la même antienne: soyez prudents, prenez des vêtements chauds, ne revenez pas trop tard.;28.02.1999 00:00;800;0;;f
185;être aux antipodes de qn. ou qch.;être à l'extrême opposé. Au sens propre: peuple qui habite un point du globe diamétralement opposé à un autre.;Comment voulez-vous qu'ils puissent s'entendre? Sur presque toutes les questions ils sont aux antipodes l'un de l'autre.;28.02.1999 00:00;408;0;;f
186;être l'apanage de qn. ou qch.;"être son privilège; lui être réservé.";On prétend que pendant longtemps les études universitaires ont été l'apanage des classes aisées. Mais aujourd'hui, elles sont accessibles à tous les jeunes qui ont du talens, qu'ils soient riches ou pauvres.;28.02.1999 00:00;800;0;;f
187;être à son apogée;être au sommet, au point le plus élevé d'une vie, d'une carrière. Terme d'astronomie: la lune est à son apogée lorsqu'elle est au point le plus éloighé de la terre: être à son zénith.;Il est à l'apogée de sa gloire: ses livres sont traduits dans toutes les langues et on écrit des thèses universitaires sur son oeuvre.;28.02.1999 00:00;800;0;;f
188;couper l'arbre pour avoir le fruit;jouir tout de suite d'une richesse en en tarissant la source.;Si on ne veut pas épuiser les lacs en quelques années, il faut réglementer la pêche sportive. Autrement, ce serait couper l'arbre pour avoir le fruit.;28.02.1999 00:00;800;0;;f
189;avoir plusieurs cordes à son arc;disposer de plusieurs moyens pour atteindre un but, pour réussir, pour parvenir à ses fins, comme l'archer qui a plusieurs cordes de rechange pour remplacer celles qui se cassent.;Il a pris une licence en droit et une licence en administration. Ainsi, il aura plus d'une corde à son arc.;28.02.1999 00:00;800;0;;f
190;en avoir pour son argent;locution ironique pour dire qu'on en a plus qu'on en voudrait, qu'on est excédé, qu'on en a trop.;Oui, ce fut tout un examen. Nous en avons eu pour notre argent: dix questions toutes plus difficiles les unes que les autres.;28.02.1999 00:00;800;0;;f
191;jeter l'argent par les fenêtres;gaspiller, dépenser de facon exagérée et inutile.;S'il continue à jeter l'argent par les fenêtres, la fortune que son père lui a laissé ne durera pas longtemps.;28.02.1999 00:00;800;0;;f
192;ne pas revoir la couleur de son argent;s'emploie pour prédire qu'on ne sera jamais remboursé pour ce qu'on a prêté à quelqu'un.;Je lui avais prêté une assez forte somme pour lancer cette affaire, mais comme il vient de faire faillite, je suis bien sûr que je ne reverrai jamais la couleur de mon argent.;28.02.1999 00:00;800;0;;f
193;prendre pour argent comptant;"croire plus ou moins naivement ce qui nous est dit; se fier aux apparences.";Il est de ces gens qui prennent pour argent comptant tout ce qui est écrit dans les livres, même dans les journaux: il croit tout ce qui est imprimé.;28.02.1999 00:00;800;0;;f
194;un colosse aux pieds d'argile;un homme, un État, dont la puissance n'est qu'apparente et repose sur une base fragile.;Lors des événements de mai 1968, ils pensaient que de Gaulle n'était qu'un colosse aux pieds d'argile. Mais lorsqu'il a remporté l'éclatante victoire du 30 juin, ils se sont rendu compte qu'il était encore fort.;28.02.1999 00:00;800;0;;f
195;faire ses premières armes;débuter dans une carrière. Au sens propre, se dit de l'officier ou du soldat qui participe à sa première campagne militaire.;Lorsqu'il est arrivé ici, il avait déjà l'expérience comme professeur: il avait fait ses premières armes dans une école privée.;28.02.1999 00:00;800;0;;f
196;rendre les armes;"renoncer à poursuivre le combat; s'avouer vaincu. Au sens propre: remettre ses armes au vainqueur.";Devant les protestations des syndicats, des corps intermédiaires, le gouvernement s'est vu forcé de rendre les armes, et il a retiré son projet de loi.;28.02.1999 00:00;800;0;;f
197;une arme à double tranchant;moyen. procédé, argument, qui peut avoir un effet contraire au but que l'on vise, où qui peut se retourner contre celui qui l'emploie.;En faisant appel aux forces de l'ordre, on peut briser une manifestation, mais cela peut aussi déclencher une véritable révolution. C'est une arme à double tranchant.;28.02.1999 00:00;800;0;;f
198;c'est un as;c'est le premier, le meilleur, le plus fort. Employé d'abord dans l'aviation, puis dans les sports, le mot s'est étendu ensuite à d'autres domaines.;C'est un as de la contestation. Il n'a qu'à prendre la tête d'un mouvement pour rallier tous ses camarades autour de lui, et même faire marcher les indifférents et les tièdes.;28.02.1999 00:00;800;0;;f
199;plein aux as;très riche. Dans la plupart des jeux de cartes, celui qui a les as est sûr de gagner.;Oui, cela lui occasionnera des dépenses, mais ne vous mettez pas en peine pour lui: il est plein aux as.;28.02.1999 00:00;800;0;;f
200;n'être pas dans son assiette;"n'être pas bien; se sentir fatigué, indisposé; n'être pas dans son état normal, habituel.";Je vais donner mon cours, mais j'aimerais mieux ne pas sortir. Je ne sais pas ce que j'ai, mais je ne suis pas dans mon assiette ces jours-ci.;28.02.1999 00:00;800;0;;f
201;un atome crochu;des sentiments d'amitié, de sympathie.;Des membres du syndicat prétendent que le président s'entend bien avec le patron. Je puis assurer qu'entre ces deux hommes, il n'y a pas un atome crochu.;28.02.1999 00:00;800;0;;f
202;avoir des atouts dans son jeu;avoir des ressources, des avantages, ce qu'il faut pour réussir.;Il est encore jeune, mais il a des atouts dans son jeu: il est intelligent, il inspire confiance et sa famille est avantageusement connue.;28.02.1999 00:00;800;0;;f
203;être d'attaque;être en pleine vigueur, rempli d'énergie, en excellente condition.;On m'offre de prendre ma retraite, mais je suis d'attaque, et je veux continuer à travailler.;28.02.1999 00:00;800;0;;f
