ID_Joke;RandomNumber;Word1;Word2;Word3;Word4;Joke;CounterJokes;CumulJoke;DateEntry;RF_Language;RF_Source;language
26;113;operación urgente;primera o segunda;;;"Un señor tiene que operarse con la mayor urgencia. En el sanatorio le preguntan:
- Primera o segunda clase?
- Cuál es la diferencia?
- Mire, señor: en la primera los aparatos y los instrumentos son más modernos y los cirujanos de edad; mientras que en la segunda, los aparatos son viejos y los médicos jóvenes.";0;4;01.06.1994 00:00;2;1;s
29;91;doctor;vino;enfermera;factura;"- Doctor, dígame, por qué usted siempre quiere saber qué tipo de vino beben sus pacientes? - pregunta la enfermera sorprendida.
- Muy simple, señorita. Según el precio de la marca del vino así hago la factura de mi trabajo.";0;5;01.06.1994 00:00;2;1;s
27;158;pasos inseguros;médico;reúma/sífilis;pedo;"Un hombre va por la calle andando con pasos muy inseguros.
- Estoy convencido de que ese individuo sufre de reúma! dice un médico.
- Estás confundido, colega. Yo me inclino por diagnosticarle una sífilis!
Como no se ponen de acuerdo, los dos médicos deciden ir a preguntar al pobre hombre.
- Perdone, señor, nosotros somos doctores. Yo estoy seguro de que usted sufre reúma, y mi colega dice que usted tiene sífilis.
- Pues yo creo que los tres estamos confundidos - contesta el hombre.
- LOS TRES!
- Sí, los tres. Yo creía que era un pedo... y me he cagado!";0;1;01.06.1994 00:00;2;1;s
28;213;primera operación;primer trabajo;;;"- Sabe doctor, estoy muerto de miedo. Es la primera operación de mi vida....
- Hombre, tranquilícese! deje de temblar! Mucho más miedo tengo yo: es mi primer trabajo como cirujano!";0;4;01.06.1994 00:00;2;1;s
91;175;pordiosero;sordomudo;letrero;;"A la puerta de  una iglesia de Lérida hay un pordiosero con un letrero que pone: «Sordomudo».
Un caballero, dirigiéndose a su esposa, contesta:
- A ese pobre de daría una limosna si pudiera estar seguro de que no puede oír ni hablar.
El pobre, muy enojado, exclama:
- Eh, escolti! No sea tan desconfiado... No ve lo que dice el letrero?";0;2;;2;2;s
98;305;pasíon;dinero;millonario;;"- Los hombres que sienten pasión por el dinero se olvidan de todo lo demás.
- Es cierto. Mi marido, que es millonario, ha olvidado que es feo, gordo y bajito.";0;2;;2;2;s
96;175;restaurante;comer en casa;;;"En un restaurante, don Matías le dice a su mujer:
- Para comer tan mal y tan caro, igual podíamos haber comido en casa y guisar tú.";0;3;;2;2;s
95;246;esposos;santo;regalo;;"Entre esposos.
- Oye, Juan, pasado mañana es tu santo...
- Ya lo sé, querida.
- He te hacerte un regalo...
- Estupendo, te lo agradezco mucho.
- Sí. Puedes darme veinte mil pesetas, amor mío?";0;3;;2;2;s
94;88;consejo;casarse;madre;;"Un buen consejo catalán:
Antes de casarte con una joven, contempla y estudia bien a su madre.";0;4;;2;2;s
99;175;Judas;vender Jesucristo;;;"De religión
- Judas fue un verdadero canalla.. Mira que vender a Jesucristo por treinta monedas de plata.. Usted lo habría hecho, don Bernet?
- Hombre, yo por menos de tres millones y un coche no lo hubiera vendido, no, señor.";0;4;;2;2;s
92;212;marido;saliva;;;"- Oh, mi marido es tan catalán...
- Sí?
- Imagínate que no habla por no gastar saliva...";0;2;;2;2;s
43;110;coche;gasolina;;;Aquel individuo entorpecía siempre la circulación porque por no querer gastar en gasolina, empujaba su coche con las manos.;0;2;23.06.1994 00:00;2;2;s
47;88;2 catalanes;accidente;viuda;apuesta;"Dos compañeros catalanes salieron de paseo en coche, y sufrieron un accidente, en el que falleció uno de ellos, el llamado Oliver.
El otro, ileso, se presentó a casa de la esposa del muerto para comunicarle la triste nueva.
Cuando la mujer abrió la puerta, el amigo del difunto le preguntó de buenas a primeras:
- Es usted la viuda de Oliver?
- No, señor, yo soy la señora de  Oliver, no su viuda.
- Se apuesta algo, señora, a que sí lo es?";0;5;23.06.1994 00:00;2;2;s
46;161;accidente;coche perfecto;;;"Después de un aparatoso accidente, un marido gerundense le envió el siguiente telegrama a su mujer:
«Sufrido accidente estop amigo Remolons muerto estop amigo Bordaló muerto estop Yo malherido estop coche perfecto stop tuvimos suerte";0;1;23.06.1994 00:00;2;2;s
45;161;2 catalanes;cárcel;martillo;;"Dos catalanes están cumpliendo condena en la cárcel y uno le pregunta al otro:
- Por qué estás aquí, Rafecas?
- Porque anoche robé en el escaparate de una joyería y me llevé todas las joyas que alli había...
- Y cómo te trincaron si nadie te había visto?
- Porque a la mañana siguiente volví allí en busca del martillo con que había roto el escaparate.";0;3;23.06.1994 00:00;2;2;s
100;229;médico;apendectomía;50.000 pelas;;"El médico le dice al marido de la enferma:
- A su esposa habrá que hacerle una apendectomía:
- Y eso qué es?
- Traducido al catalán, son cinquenta mil pelas.";0;2;;2;2;s
44;17;payés;Loto;mulo;;"A un payés de Lérida le preguntó un amigo en cierta ocasión:
- Qué harías si te tocase la Bono Loto, y tuvieras cincuenta millones de pelas?
- Lo rapartiría entre la gente necesitada ...- contestó el payés, seguro de sí mismo.
- Y si tuvieras un auto?
- Se lo regalaría a un tullido.
- Y si tuvieras un castillo?
- Se lo daría a unos indigentes.
- Y si tuvieras un mulo? También lo darías?
- Ah, eso no.. -exclamó el payés.
- Por qué?
- Porque un mulo sí lo tengo!";0;4;23.06.1994 00:00;2;2;s
93;14;dos industriales;hija Roseta;multimillonario;;"Entre dos industriales catalanes.
- Amigo mío, tu hija Roseta se ha casado con Ramonet que es demasiado joven.
- No lo creas. A pesar de su poca edad, su padre ya es multimillonario.";0;3;;2;2;s
97;213;tacaños;boca grande;invitar;;"Entre dos chicos un poco tacaños:
- Ves esa noia?
- Cuál?
- La del rincón. Es muy guapa, pero su boca es demasiado grande.
- Yo no la veo tan grande.
- Invítala a comer y ya verás...";0;4;;2;2;s
74;353;extraterrestres;crocodile;nager;;"Deux extraterrestres en vacances ont posé leur soucoupe dans un marais de Floride. Apercevant un crocodile, ils nagent vers lui en criant:
- Bonjour Terrien. N´ayez surtout pas peur. Nous n´avons que des intentions pacifiques.";0;1;;3;3;s
84;329;navire;belle passagère;voyager;;"Un navire est parti, depuis deux jours, du Havre pour New-York. Un jeune homme, très timide, après avoir longuement hésité, se décide à aborder une belle passagère:
- Pardon, mademoiselle, lui demande-t-il, vous voyagez également sur ce bateau?";0;1;;3;3;s
83;353;paquebot;baignoire;couler;;"À bord d´un paquebot, le marin chargé des travaux de plomberie, est appelé dans une salle de bains complètement inondée.
- Rassurez-vous, dit-il au passager. Votre baignoire n´a aucune fuite. C´est seulement le bateau qui coule.";0;1;;3;3;s
82;5;2 farceurs;paquebot;vélomoteur;scaphandre;"Deux farceurs rivalisent de vantardise:
- Moi, dit le premier, j´ai fait une croisière sur un paquebot si grand que le capitaine ètait obligé de prendre son vélomoteur quand il voulait faire le tour du pont.
- Ce n´est rien, renchérit l´autre, à côté du bateau sur lequel j´ai navigué. Là, le cuisinier devait revêtir un scaphandre avant de plonger dans la marmite, pour voir si les pommes de terre, destinées aux passagers, étaient cuites.";0;2;;3;3;s
81;113;milliardaire;bédoin;lac privé;;"Un milliardaire Texan débarque au Sahara avec un équipement complet de plongeur sous-marin.
Un bédoin, juché sur son chameau, ricane:
- Il n´y a pas d´eau, ici.
- Je sais, répond le Texan. Mon lac privè va arriver d´une minute à l´autre.";0;1;;3;3;s
38;260;gitano;cojones;hambre;;"Va un gitano por la calle, medio desnudo, cuando de pronto le pregunta el churumbelito que va a su lado:
- Oye, papá, qué es eso que tienes ahí?
- Los cojones, hijo
Un señor, tras haber oído el comentario del padre, exclama:
- Usted cree que esa es forma de hablarle a un chiquillo?
- Y qué quiere? Si le digo que son los huevos me pega un bocao, con el hambre que lleva encima.";0;24;18.06.1994 00:00;2;1;s
52;129;borracho;cerillas;;;"Un borracho saca las cerillas para encender un cigarrillo, pero no enciende. Saca una tras otra y las tira. Finalmente, una de ellas enciende; lo apaga y dice:
- Hip..hip..Lo guardo.. hip..está..hip..es de las buenas..!";0;1;10.07.1994 00:00;2;1;s
51;229;cuatro compañeros;zona de la mujer;verdad;;"Cuatro viejos compañeros de escuela se encuentran cada año en un restaurante. Ya un poco bebidos discuten qué zona de la mujer es la más hermosa.
- La piel..!
- NO! Las piernas..!
- Yo diría que las tetas!
- Basta! Basta!- dice el cuarto, el más moralista.
Tengo miedo de que si seguís así uno de vosotros acabe por decir la verdad...!";0;4;10.07.1994 00:00;2;1;s
50;5;viejo;bomba de oxígeno;hijo;tubo de oxígeno;"El viejo está muy enfermo. Le han colocado una bomba de oxígeno, y su hijo se halla sentado a su lado. Lentamente, el padre agonizante habla a su hijo de toda la riqueza que le va a dejar. Le indica dónde tiene los documentos de sus propiedades, los certificados, las acciones de Bolsa, las pólizas de seguro, etc.
- Papá, papá! -murmura el hijo, conmovido, con lágrimas que le corren por las mejillas -. No sé cómo decirte lo agradecido que estoy. Quisiera sólo ser digno de ti...
Dime, hay algo que yo pueda hacer por ti...
- Sí, hijo mío...- fue la respuesta casi sin voz del viejo-. Puedes...dejar de pisar...el tubo de oxígeno?";0;4;10.07.1994 00:00;2;1;s
49;213;enfermera;beso;enfermera de noche;;"Mientras la enfermera se inclina para apagar la lamparita, el paciente susurra:
- Se ha olvidado del beso de las buenas noches.
Y ella responde también en un susurro:
- Si es eso lo que quiere, le mandaré a la enfermera de noche... Es la que a estas horas se ocupa de los trabajos desagradables!";0;4;10.07.1994 00:00;2;1;s
48;238;médico de provincia;hijo;indigestión;;"El viejo médico de provincia, cuyo hijo se ha doctorado en medicina, le confía toda su clientela y parte para unas largas vacaciones.
Cuando regresa, pregunta al hijo si ha pasado algo insólito mientras ha estado fuera.
- Sí, papá -dice orgullosamente el hijo-. He curado, por fin a la señora Pachote de aquella pesada indigestión, que la molestaba desde hacía treinta años!
- Imbécil! -le grita su padre- No sabes que ha sido precisamente esa indigestión la que te ha pagado los gastos de la universidad?";0;4;10.07.1994 00:00;2;1;s
53;161;hombre borracho;dormitorio;mujer con otro;;"Un hombre llega completamente borracho a su casa y es ayudado por un amigo a quien invita a entrar.
- Has visto? Este es el..co..comedor...esa..es..la...co..cocina.. y es.. éste... es el dor..dormitorio..
Entra y encuentra a su mujer con otro en la cama:
- Te presento..hip.. a mí.. hip ..señora..y el hombre..hip...Debo ser yo..? Hip.. o no..?";0;3;10.07.1994 00:00;2;1;s
40;161;mamá;vocabulario grosero;pajaritos;;"Una joven mamá se asusta un día al escuchar el vocabulario tan grosero de su hija. Cuando le pregunta quién le ha enseñado esas palabrotas, la niña le descubre que las ha aprendido de una amiguita con la que juega en el parque. Al día siguiente, la joven mamá va al parque, localiza a la jovencita mal hablada y le pregunta:
- Eres tú la niña que dice esas palabras tan feas?
- Qién se lo ha dicho?
- Un pajarito - contesta la mamá.
Serán desgraciados estos picos de mierda! -salta la pequeña
- Y yo que les doy de zampar todos los días a estos hijos de puta!";0;5;18.06.1994 00:00;2;1;s
56;14;doce de la noche;prostíbulo;hijo;;"Son las doce de la noche, y la ""madame"" está presentando a un hombre de cierta edad las ofertas del prostíbulo. En ese momento entra un joven, se asusta, y pregunta muy exigente:
- Pero, padre, Qué haces tú aquí?
- Muy simple, querido. Prefererías que despertase a mamá a estas horas?";0;2;10.07.1994 00:00;2;1;s
37;141;niño;padres;nariz;;"Un niño observa ávidamente a sus padres por el ojo de la cerradura. De pronto se vuelve y exclama:
- Joder! Y luego me dicen a mí que no meta el dedo en la nariz!";0;3;18.06.1994 00:00;2;1;s
36;14;Pedrín;negra;desteñir;;"Pedrín pregunta a su madre:
- Oye, mamá, las negras destiñen?
- No, hijo mío, cómo van a desteñir?
- Es que el otro día papá dijo a sus amigos que había estado con una negra y que se había puesto morado.";0;2;18.06.1994 00:00;2;1;s
42;229;divorcio;dinero;;;"Aquel marido se quejaba ante un amigo.
- Mi mujer es insoportable! Me divorciaría de ella si no costase tanto dinero!
- Pues qué hace?
- Pedirme dinero a todas horas!
- Estarás arruinado, claro.
- No, si es que no se lo doy nunca...";0;4;18.06.1994 00:00;2;1;s
35;158;falda cortísima;niña 11 años;bragas;;"La mamá está regañando a su hija, de once años, que lleva una falda cortísima.
- No te da vergüenza ir así por la calle?
- No, mamá!
- Piensa en las consequencias. Si tuvieses que agacharte se te verían las bragas...
- Ah, si es por eso, no debes preocuparte, nunca llevo bragas!";0;2;13.06.1994 00:00;2;1;s
55;213;2 rameras;10.000 ptas;pegar;;"Dos rameras comentan cómo les ha ido durante el día.
-Muy mal -dice una de ellas-. He encontrado a un tipo que me prometió 10.000 pesetas si me acostaba con él.
- Entonces, por qué te quejas?
- Porque el tipo era un sádico.
- Cómo? Qué te hizo?
Le gustaba pegar.
- Y te pegó mucho?
- NO, solamente hasta que le devolví las 10.000 ptas.";0;3;10.07.1994 00:00;2;1;s
39;234;padre;hijo;temas sexuales;;"Un padre llama a su hijo de 11 años y le habla en tono solemne.
Hijo, ya tienes edad suficiente y ha llegado el momento de que hablemos de hombre a hombre sobre los temas sexuales.
- Me parece muy bien papá--- Qué quieres que te explique?";0;3;18.06.1994 00:00;2;1;s
57;371;burdel;precios;sótano;autoservicio;"Un hombre entra en un burdel y pregunta los precios.
-En el segundo piso, 5.000 ptas.; en el primer piso, 2.000 ptas.; en la planta baja, 1.000 ptas, y en el sótano, 500 ptas.
El hombre se decide por el sótano. Piensa que se conformará por fea que sea la puta. Pero..
- Oiga, venga aquí? Cómo no hay ninguna chica en el sótano?
- Qué esperaba? Por 500 ptas esto es un autoservico!";0;5;10.07.1994 00:00;2;1;s
58;233;putas parisinas;hablar;política;;"Dos putas parisinas están charlando.
- Cuando estamos juntas siempre hablamos de sexo.
No podríamos elegir otro tema?
- Cual ?
- Bueno, qué te parece si hablásemos de política?
- De acuerdo. Oye, cuántas veces a la semana crees tú que lo hará el señor presidente?";0;2;10.07.1994 00:00;2;1;s
59;263;madame;tacaños;calva;;"La ""madame"" está indicando los precios a unos clientes muy tacaños:
- La rubia, diez mil pesetas; la morena, ocho mil; la pelirroja, cinco mil; y aquella egipcia, de cabello negro, dos mil...
Uno de los clientes se queda pensativo y, al fin, se decide:
- Oiga, no tendría una calva por mil pesetas?";0;4;10.07.1994 00:00;2;1;s
60;174;Miguelito;cine;tortazo;;"Miguelito va al cine con su papá. Al regresar a casa, mamá le pregunta si se ha divertido.
- Oh, sí, mamá! Todo muy divertido. Pero lo más divertido ha sido cuando una señorita, que estaba a nuestro lado en la fila, ha dado un tortazo a papá!";0;2;10.07.1994 00:00;2;1;s
61;286;mono;familia;;;"- Mamá, es cierto que descendemos del mono?
- No lo sé, tesoro. Tu padre nunca ha querido presentarme a su familia.";0;3;10.07.1994 00:00;2;1;s
62;238;parecer;arriba: mamá;abajo: papá;;"- A quien te pareces más, queridito, a papá o a mamá?
- Muy fácil, tía: en lo de arriba, a mamá, y en lo de abajo, a papá!";0;3;10.07.1994 00:00;2;1;s
63;113;Johny;coche;sujetador;;"Johny, de quince años, está desayunando con su padre.
- Papá, me vas a disculpar. Ayer por la noche saqué tu coche del garaje para llevar a un amigo hasta su casa.
- Ya lo sé, querido.
- Cómo lo sabes? Estabas despierto tan tarde?
- No. Pero acabo de encontrar el sujetador de tu ""amigo"" en el coche.";0;2;10.07.1994 00:00;2;1;s
64;175;niño;muerto;polvo;;"El niño llega muy pensativo a su casa después de lo que ha oído en la escuela.
- Mamá, es cierto que cuando uno se muere se convierte en polvo?
- Claro que sí, hijo.
El chico se retira a su dormitorio nada más cenar. Después, se escuchan sus gritos:
- Mamá! Mamá! Debajo de mi cama hay un muerto!";0;3;10.07.1994 00:00;2;1;s
54;161;médico;alcohólico;agua;;"El médico revisa un alcohólico:
- Oiga, su salud es muy precaria, deberá beber mucho más agua que vino!
- Impossible, doctor! Ya estoy bebiendo tres litros de vino...";0;2;10.07.1994 00:00;2;1;s
17;212;hombre;prisión;cadáver;;"Un hombre es condenado a prisión por haber mantenido relaciones sexuales con el cadáver de su propia mujer a las pocas horas de su muerte. Cuando el juez le pregunta qué puede alegar en su defensa, el hombre declara muy seguro:
- Honradamente, su señoría, no sabía que Ethel estuviese muerta. Si siempre ha estado así durante nuestros doce años de matrimonio!";0;3;01.05.1994 00:00;2;1;s
24;125;director de sanatorio;insomnio;sereno;;"El director del sanatorio pregunta al paciente:
- Qué tiene?
- Padezco de insomnio.
- No le gustaría trabajar aquí de sereno?";0;4;01.06.1994 00:00;2;1;s
34;110;encuesta;vaselina;manija;;"Un jovencito está realizando una encuesta por las casas para una fábrica de vaselina. Llama a una puerta y sale una señora.
- Dígame, tiene usted niños?
- Sí - responde ella -, tengo cinco.
- Bien, y usan vaselina?
- Sí, cuando alguno se corta o se le pone la piel roja.
- Y para sus relaciones sexuales?
- A menudo - sonríe la señora.
- Externamente o internamente? - continua él.
- Externamente - es la respuesta
- Podría decirme dónde se la aplica?
- Desde luego -responde ella sin titubear. Sobre la manija de la puerta para impedir que los niños entren en nuestro dormitorio!";0;3;13.06.1994 00:00;2;1;s
22;214;señor Rossi;poner los cuernos;puntualidad;;"El señor Rossi recibe una carta anónima:
«Estimado señor Rossi, mañana a las nueve de la noche en punto, su mujer le pondrá los cuernos. Firmado: un amigo»
Y el señor Rossi, muy tranquilo y nada anojado, murmura en voz baja:
- Pobrecito, otro que se hace ilusiones con la puntualidad de mi mujer!";0;4;01.05.1994 00:00;2;1;s
41;91;hija;cerrar ojos;;;"La madre a la hija que acaba de salir por primera vez con un chico:
- Luisa, espero que esta noche hayas mantenido los ojos bien abiertos mientras estabas con Jorge.
- Oh, sí, mamá, casi siempre!
- Qué quieres decir con casi siempre?
- Bueno, cuando nos acostamos y él se me puso encima cerré los ojos un poquito, mamá. Era tan bonito!";0;4;18.06.1994 00:00;2;1;s
20;5;matrimonio;Semana Santa;higo;;"Un matrimonio de gitanos en la cama. En un arrebato pasional, él exclama:
- Pepa, déjame que te muerda una teta...!
- NO! - grita ella muy indignada- Recuerda que estamos en Semana Santa y no se puede comer carne!
Pero el marido, insistente, replica:
- Pues te morderé el higo, que la fruta se puede comer en la Cuaresma!";0;4;01.05.1994 00:00;2;1;s
25;91;paciente;autopsia;;;"Colega, cómo está el paciente de la habitación 507?
- Evoluciona favorablemente. Creo que si no se presentan complicaciones, mañana mismo podré hacerle la autopsia.";0;3;01.06.1994 00:00;2;1;s
18;234;esposos;primera de bodas;padres;;"Los dos esposos deciden pasar la primera de bodas en casa de sus padres -los de él-. 
Y éstos aprovechan para espiarles, queriendo repetir todo lo que vean. Después de que la joven pareja ha hecho el amor tres veces, la madre golpea violentamente en la pared, gritando:
- Jao, déjalo, estás matando a tu padre!";0;3;01.05.1994 00:00;2;1;s
23;175;Marido;idiota;esposa: vanidosa;;"Marido:
- Era un idiota cuando me casé contigo.
Esposa:
- Es verdad; pero yo era demasiado vanidosa para darme cuenta.";0;7;01.06.1994 00:00;2;1;s
16;110;chica;hermanastro;casar;;"Una chica quiere casarse con el hijo del vecino; pero su padre le desanima secretamente diciéndole:
- No puedes  casarte con él. No se lo digas a tu madre, pero es hermanastro tuyo.
Lo mismo sucede con otros dos pretendientes; y, al fin, la chica se da cuenta de que a ese paso no podrá casarse con nadie del país. Y confia su problema a su madre.
- Hija mía, déjate de preocupar, si él no es tu padre!";0;4;01.05.1994 00:00;2;1;s
15;91;rico norteamericano;abogado;corazón;amor;"Poco antes de su veinticinco aniversario de boda, un rico norteamericano dice a su mujer:
- Querida, hoy he visto a mi abogado, y quiero que sepas que ya he arreglado tu porvenir: he hecho testamento, y te he dejado todo lo que poseo! Mis pólizas de suguros están en orden, y te rendirán unos beneficios de cien millones, que podrás utilizar después de mi merte, mientras esperas que se haga efectivo el testamento. Y ahora la mala noticia: mi médico me ha dicho que tengo el corazón en pésimas condiciones, y que el más ligero esfuerzo físico puede llevarme a la tumba.
La espose le consuela de la mejor manera possible, y al fin se duermen. A la manana siquiente, el millionario norteamericano se despierta con una radiante sonrisa de satisfacción y exclama:
- Anoche te mentí, querida! Estoy completamente sano!
Ella arruga la frente y pregunta:
- Por qué lo has hecho ?
Y él, cada vez más radiante, afirma:
- Porque durante toda nuestra vida matrimonial me he venido preguntando cómo harías el amor si pusieras en ello todo el alma.";0;3;01.05.1994 00:00;2;1;s
14;161;marido;mujer;cama;luchador;"Un marido, al volver a su casa, descubre a su mujer en la cama con otro. enfurecido, grita:
- Desgraciada, te voy a matar... Te haré pedazos!
Y después, volviéndose al hombre:
- En cuanto a ti...!
- en cuato a mí? -susurra el hombre, levantándose y exhibiendo un cuerpo de luchador.
- En cuanto a ti... Es mejor que se vista usted, no vaya a ser que coja un resfriado.";0;4;01.05.1994 00:00;2;1;s
13;91;Ricardo;Miguel;mujer;maleta;"Ricardo encuentra en la calle a su amigo Mi9guel con dos maletas y la cara hecha un ""via crucis"": un ojo amoratado, dos dientes rotos, los labios partidos, las orejas vendadas y los nudillos desechos.
- Dios mío...! Qué te ha pasado, Miguel ?
- Mi mujer... Menuda bronca hemos tenido..!
- bronca ? Dirás paliza! Pero si mi mujer me hace eso a mí, la mato!
- Y qué crees que llevo yo en las dos maletas ?";0;3;01.05.1994 00:00;2;1;s
12;213;viajante;esposa;armario ropero;amante;Un viajante de comercio regresa un día antes de lo anunciado a su casa. Su esposa ya se encuentra en la cama. La ve muy nerviosa. Rápido se desnuda, y pretende colocar su traje en el armario ropero. Pero, cuando abre la puerta, se tropieza con un muchacho desnudo que está escondido en el fondo. Furioso, gritta a su esposa: Cuántas veces te he de decir que coloques a tus amantes en TU armario, y no en el mío ?;0;4;01.05.1994 00:00;2;1;s
11;229;senora Jiménez;marido;embarazada;5000 pesetas;"La senora Jiménez se encuentra en su último mes de embarazo. Su marido quiere acercarse a ella.
- No... Ten un poco de cuidado! Toma cinco mil pesetas, y ves a buscar a otra mujer.
El marido sale corriendo, y regresa pasado una hora.
- Tan rápido..? Pero dónde has hido ?
- Aquí mismo, al primer piso, con dona Josefa. Me ha cobrado las cinco mil pesetas.
- Cómo? Sera sinvergüenza! Cuando ella estaba embarazada, yo no le cobré ni una sola peseta a su marido!";0;2;01.05.1994 00:00;2;1;s
19;174;pareja;casa madre;virgen;;"Una pareja contrae matrimonio por la mañana. Al atardecer, el marido vuelve a casa de su madre, que le pregunta, extrañada:
- Pero, hijo, dónde está tu esposa?
- Mira, mamá, la he dejado porque era virgen.
- Muy bien hecho, hijo mío! Lo que los demás no quieran, tú tampoco la has de aceptar!";0;3;01.05.1994 00:00;2;1;s
30;178;mujer con niño;medico;leche;;"Una mujer visita al médico con un niño en brazos.
- Doctor, estoy desesperada. El nene llora día y noche.
El médico examina a la criatura y no encuentra nada anormal. Luego, ordena a la mujer que se quite la blusa, y dice, luego de examinar los pechos, con seguridad:
- Ahora lo entiendo, señora! cómo quiere que el niño no llore, si usted no tiene ni una gota de leche?
- Y cómo quiere que yo tenga leche si no soy su madre? Soy su tía!";0;2;01.06.1994 00:00;2;1;s
33;91;70 años;fármaco;6 meses;;"Un señor que ya había cumplido los 70 años, y no quería morirse. Fue al médico para que le mandara algún fármaco que le quitara años de encima.
Entonces el médico le mandó un jarabe, del que cada cucharadita que tomase le quitaba 10 años.
Efectivamente, se tomó una cucharadita y se quedó con 60 años. Como no quería morirse, se dijo:
- Me voy a tomar otra cucharadita, pero un poco más grande. Se la tomó y se quedó con 40.
Insistió: Todavía son muchos, me voy a tomar otra cucharadita. Y se quedó con 20.
- Bueno, pero ahora tengo que hacer la ""mili"", así que voy a tomar otra cucharadita.
La tomó y se quedó con 6 meses, le dio el sarampión y se murió.";0;2;01.06.1994 00:00;2;1;s
32;91;cateto;apendicitis;auxiliar;afeitar;"Un cateto acude al hospital a operarse de apendicitis. Llega una auxiliar, de éstas que tienen una figura de violín que no se puede aguantar, y le dice:
- Oiga, señor, quítese los pantalones, que le vamos a afeitar.
- Cómo dice?, que me quite los pantalones?
- Sí, hombre, sí; usted tranquilo, que no le pasará nada.
Se baja los pantalones y la auxiliar le coge con los deditos el ""pizarrín"" y empieza allí a darle con la maquinilla.
Cuando llevaba un rato, dice el cateto:
- ""Zuéltela ya, que no ""ze"" cae.";0;3;01.06.1994 00:00;2;1;s
21;158;viajante de commercio;cama differente;;;"El viajante de comercio está a punto de marcharse una vez más.
- Qué vida esta, querida: siempre de aquí para allá, y cada noche en una cama diferente!
Y la mujer se le une pesarosa:
- A quien se la vas a decir, cariño, a quién se lo vas a decir..!";0;4;01.05.1994 00:00;2;1;s
31;233;médico;compañero estudio;Infierno/Cielo;;"Un médico conversa con un viejo compañero de estudios, ahora cura, al que también está tratando en el hospital:
- Cómo me gustaría poder evitar ir al Infierno!
- rezaré por ti. Pero, por favor, por el momento evita tú que yo vaya al Cielo!";0;3;01.06.1994 00:00;2;1;s
80;353;enseigne de vaisseau;navire-amiral;petite ferme;;"Au cours de grandes manoeuvres, un jeune enseigne de vaisseau s´est vu confier le commandement d´un cuirassé. Tout ému, il s´affole et se débrouille si bien qu´il envoie son bateau heurter le navire-amiral.
Le grand patron de la flotte surgit, fou furieux. Il contemple les dégâts et demande, d´un ton glacial, à l´enseigne:
- Et maintenant, que comptez-vous faire?
- Heu...fait le maladroit..acheter une petite ferme.";0;1;;3;3;f
79;329;avion;message;enregistrement;;"Au-dessus de l´Atlantique, les passagers d´un avion de transport entendent, tout à coup, le message suivant:
""Nous volons actuellement à 3.000 mètres d´altitude. Si vous regardez par le hublot de droite, vous verrez deux moteurs en feu. Par le hublot de gauche, vous pouvez voir que les deux autres moteurs sont arrêtés. Si vous regardez carrément en bas, maintenant, vous apercevrez sur la mer un canot de sauvetage jaune, avec six personnes à bord. Ce sont le pilote, le co-pilote, le mécanicien, le radio et les deux hôtesses. C´est un enregistrement que vous entendez en ce moment. Bonne chance à tous...""";0;2;;3;3;f
78;161;prêtre;médaille;130 km/h;180 kh/h;"Un prêtre remet une médaille de saint Christophe à un de ses paroissiens qui vient d´acheter sa première voiture.
- Si vous ne dépassez pas le 130 à l´heure, lui dit-il, elle vous protégera.
- Et si je fais du 180?
- En la présentant, à l´entrée du Paradis, vous aurez une chance d´entrer sans faire la queue.";0;3;;3;3;f
77;379;capitaine gendarm.;conducteur moyen;;;"Un capitaine de gendarmerie donne cette définition du conducteur moyen:
- Ç´est un homme qui, après avoir aperçu un motard, conduit exactement à la vitesse limite...pendant au moins deux kilomètres.";0;1;;3;3;f
85;213;voiture;pancarte;réparations;;"Un automobiliste avait jugé très astucieux d´afficher cet avis sur son pare-brise:
""NE VOLEZ PAS CETTE VIEILLE VOITURE ""
Vous auriez trop de réparations à payer.""
Un jour, pourtant, elle disparut. Et, sur un arbre, en face de l´emplacement où il l´avait laissée, une pancarte était fixée par deux punaises:
""Ne vous tracassez pas pour les réparations, avait ajouté le voleur. Je vous ferai envoyer les factures.""";0;2;;3;3;f
75;341;naufragé;île déserte;journaux;;"Un naufragé est depuis cinq ans dans une île déserte. Enfin, un jour, un bateau apparaît. On le découvre. Un marin vient vers lui en chaloupe avec un paquet de journaux:
- Tenez, dit-il. Lisez d´abord ce qui se passe dans le monde. Demain, vous me direz si vous avez toujours envie de quitter ce petit coin tranquille.";0;2;;3;3;f
66;353;bibliothèque;conquête de l´espace;escabeau;;"À la bibliothèque municipale, un abonné demande:
- Avez-vous des livres sur la conquête de l´espace? Je rêve d´être astronaute.
- Oui, répond la bibliothécaire, mais pour les attraper, il faut que vous preniez l´escabeau.
- Ah! non! fait le monsieur. Impossible. J´ai trop le vertige.";0;3;11.07.1994 00:00;3;3;f
73;305;institutrice;distance;automobiliste;;"L´institutrice interroge un élève:
- Quelle est la plus courte distance d´un point à un autre?
- La ligne droite.
- Bien. Et la plus longue?
- Celle qui sépare un automobiliste en panne de la plus proche station-service.";0;1;;3;3;f
72;17;frontière;douanier;Whisky?;;"Un monsieur, très pressé, passe la frontière. Le douanier l´interroge:
- Cognac? Whisky? Pastis?
- Non merci, mon brave, fait le voyageur. Je ne bois jamais le matin.";0;2;;3;3;f
71;0;;;;;"Deux bonnes soeurs, qui font du stop, sont prises à bord d´une superbe Mercedes par une prostituée.
- Dites donc, s´extasie une des religieuses, ça doit coûter cher, une voiture comme ça?
- Quinze nuits d´amour avec un prince arabe.
- Et ce vison?
- Un week-end à l´Alpe d´Huez, avec un important homme d´affaires américain.
Les deux religieuses se regardent, avec consternation.
- Eh bien,s´écrie l´une d´elles avec ses portes-clés publicitaires, monsieur le";0;0;;3;3;f
70;113;automobiliste;motard;orthographe;;"Une jeune automobiliste, qu´un motard a fait stopper, au bord de l´autoroute, à la suite d´un excès de vitesse, se penche au-dessus de son épaule, tandis qu´il rédige son procès-verbal.
- Eh bien, ricane-t-elle, si moi j´ai besoin de prendre quelques leçons supplémentaires, dans une auto-école, vous vous feriez bien de vous inscrire à un cours d´orthographe!";0;2;11.07.1994 00:00;3;3;f
69;305;pompiste;plein gratuit;galaxie;;"Un astucieux pompiste affiche en énormes lettres:
"" ICI, PLEIN GRATUIT""
et, en-dessous, en lettres minuscules, il précise:
""Pour tous les véhicules immatriculés dans une autre galaxie.""";0;1;11.07.1994 00:00;3;3;f
68;304;garçon;locomotive;SNCF;;"Excédé par le vacarme que fait son petit garçon, qui joue depuis des heures à la locomotive, un monsieur saisit son téléphone et appelle:
- Allô, la SNCF? Vous êtes mon dernier espoir. Pour quand prévoyez-vous la prochaine grève?";0;2;11.07.1994 00:00;3;3;f
67;305;déluge;baigneurs;Noé;;"Sous un véritable déluge, un plaisantin et sa femme attendent le car qui ramène de la plage les baigneurs jusqu´à la ville.
Quand le véhicule stoppe devant lui, le farceur demande au conducteur:
- Alors, Noé, l´arche n´est pas pleine?
- Non, répond le chauffeur. Il y a encore place pour un couple d´ânes.";0;1;11.07.1994 00:00;3;3;f
65;328;couple cinquantaine;croisières;;;"Un couple dans la cinquantaine se présente au bureau d´une agence de voyages.
- Nous sommes intéressés, dit le mari, par vos croisières autour du monde...En auriez-vous deux, dans des directions différentes?";0;1;11.07.1994 00:00;3;3;f
76;213;contrôleur;billet;Bordeaux;Nantes;"Le contrôleur dit à une vieille dame:
- Votre billet est pour Bordeaux. Or ce train va à Nantes.
- Ça, c´est ennuyeux, grommelle la voyageuse. Et ça arrive souvent au chauffeur de se tromper comme ça?";0;3;;3;3;f
103;113;erste Nacht;dritten Abend;Mann von der Straße;;"Die junge Frau ist gespannt auf die erste Nacht. Zu ihrer großen Enttäuschung geschieht nichts. Auch am zweiten Abend nicht. Am dritten Abend richtet sie sich im Bett wütend auf und sagt: «Wenn du heute nicht kommst, hole ich mir einen Mann von der Straße, aber einen richtigen.»
Meint der Eheman strahlend: «Gute Idee - bring mir auch einen mit.»";0;8;;1;4;d
102;87;lieben;alter Mann;junger Mann;;"«Von wem läßt du dich lieber lieben, von einem alten oder von einem jungen Mann?» fragte die Freundin in einem intimen Gespräch.
«Mir ist das eigentlich ganz egal», gesteht die Gefragte, «der alte braucht zwei Stunden, und der junge will zwei Stunden!»";0;4;;1;4;d
101;229;Tanz;Mädchen;Bude;Ohrfeige;"Mit einer artigen Verbeugung fordert Peter eine junge Dame zum Tanz auf, tanzt leidenschaftlich, spricht aber nicht ein Wort. Nach dem zweiten Tanz packt er das Mädchen brutal am Arm und zieht es von der Tanzfläche. «Genug getanzt, komm auf meine Bude!»
Die junge Dame verpaßt Peter vor allen Leuten eine schallende Ohrfeige: «Sie Flegel, Sie! Sind Sie zu allen Mädchen so unverschämt?»
«Ja, warum?» fragt Peter.
«Dann bekommen Sie also laufend Ohrfeigen?»
«Teilweise ja», gesteht Peter. «Aber im allgemeinen gehen doch mehr mit auf die Bude.»";0;6;;1;4;d
124;376;Kreuzworträtsel;Vakuum;Kopf;;"Beim Kreuzworträtsellösen fragt Inspektor Krause seinen Kollegen im Büro: «Was ist eigentlich ein Vakuum?»
«Mein Gott, Herr Kollege, ich hab´s im Kopf - aber ich komme nicht drauf.";0;7;;1;5;d
111;358;Polizeibericht;überwältigen;;;"Aus dem Polizeibericht:
«Der Täter hatte die junge Frau überwältigt und war im Begriff, sich an ihr zu vergehen. Glücklicherweise kam ihm die Polizei zuvor.»";0;9;;1;5;d
113;161;Beamte;Schnecke;verfolgen;;"Wütend schlägt ein Beamter im Gartenbauamt eine Schnecke tot.
«Warum tust du das?» empört sich ein Kollege.
«Das aufdringliche Ding verfolgt mich schon den ganzen Tag!»";0;5;;1;5;d
115;175;Dienstbesprechung;Bürgermeister;schlafen;;"Langweile bei der Dienstbesprechung im Rathaus.
Stößt ein Beamter seinen Kollegen an und flüstert: «Schau mal, der zweite Bürgermeister schläft schon!»
Entrüstet sich der Nachbar: «Und deshalb weckst du mich?»";0;9;;1;5;d
116;229;Ostfriesland;Streckenwärter;Frankfurt;;"In Ostfriesland wird ein neuer Streckenwärter von der Bundesbahn eingestellt. Man gibt ihm zum Dienstantritt eine Kanne Öl und sagt ihm, daß er die Verschraubungen der Schienen zu ölen hat. Danach ist er verschollen.
Nach ein paar Wochen kommt ein Telegramm von ihm: «Schickt Öl. Bin in Frankfurt.»";0;6;;1;5;d
117;379;Tourist;Rathaus;12 Uhr;;"Ein Tourist ist begeistert vom alten Rathaus der Stadt. Er fragt einen Passanten: «Sagen Sie, was sind das für eigentümliche Gestalten an den Fenstern?»
«Warten Sie bis 12 Uhr. Wenn sie sich dann bewegen, sind es die Beamten.»";0;6;;1;5;d
118;17;Behörden;Mittagspause;anlernen;;"Warum darf bei den städtischen Behörden nur zehn Minuten Mittagspause gemacht werden?
Weil sonst die Beamten erst wieder neu angelernt werden müßten.";0;7;;1;5;d
119;212;Aquarium;Fische;Büro;;"«Mein Hobby ist das Aquarium. Ich kann stundenlang die exotischen Fische beobachten.»
«Und was sagt Ihre Frau dazu?»
«Die interessiert überhaupt nicht, was ich im Büro mache.»";0;4;;1;5;d
120;161;Polizist;blasen;;;"Polizist: «Blasen Sie bitte in diese Tüte!»
«Nein!»
Sie wollen nicht?
«Nein!»
«Wenn Sie nicht gleich blasen, Mann, dann tu´ich´s für Sie- und dann sind Sie dran!»";0;6;;1;5;d
121;161;Affen;Fisch;Robben;;"Zwei Affen unterhalten sich im Zoo.
«Wie kommt es eigentlich, daß du immer Fisch statt Bananen bekommst?»
«Ganz einfach, ich sitze auf einer Planstelle sür Robben.»";0;6;;1;5;d
110;91;Zirkusdirektor;Polizeirevier;Kennzeichnen;;"Der Zirkusdirektor meldet beim Polizeirevier: «Uns ist ein Elefant entlaufen.»
«Irgendwelche besonderen Kennzeichen?» fragt der dienstuende Beamte.";0;3;;1;5;d
123;113;Kannibalen;Magen;Beamte;Rückgrat;"Zwei Kannibalenhäuplinge sitzen beim Essen. «Ich weiß nicht», sagt der eine, «was mit meinem Magen los ist. Er verträgt das viele Fleisch nicht mehr.»
Darauf der andere: «Da kann ich dir einen guten Rat geben. Versuche doch mal, nur noch Beamte zu verspeisen. die sind unbeschreiblich zart, weil sie kein Rückgrat haben.»";0;5;;1;5;d
112;262;Vertreter;Rechenmaschine;Vollidiot;Amtsrat;"Ein Vertreter führt im Finanzamt eine neuartige Rechenmaschine vor. Er preist sie an: «Sie ist so großartig, mit ihr kommt jeder Vollidiot zurecht.»
Fragt der Amtsrat eifrig: «OH, darf ich mal probieren?»";0;4;;1;5;d
125;175;arbeiten;Büro;Gummisohlen;;"«Warum arbeiten sie nie, wenn ich Ihr Büro betrete?» fragt der Amtsrat den Obersekretär.
«Weil Sie Gummisohlen tragen», kommt die prompte Antwort.";0;7;;1;5;d
126;382;Beamter;Obliegenheiten;zwei Stunden;;"Ein Beamter soll vor seiner Beförderung eine mögliche genaue Aufstellung über seine dienstliche Obliegenheiten einreichen. Er grübelt lange, aber die Liste ist ziemlich dürftig.
So schreibt er zum Schluß:« Vom Eintreffen einer Verfügung bis zum Begreifen zwei Stunden.»";0;11;;1;5;d
129;305;Kulturamt;Arbeit;vier Beamte;;"«Viel zu tun im Kulturamt?»
«Ach bewahre! Wenn wir nicht so intelligent wären, wüßten wir gar nicht, wie wir das bißchen Arbeit auf vier Beamte aufteilen sollten!»";0;9;;1;5;d
127;174;Bauämter;Köln/Los Angeles;Formulare;;"Die städtischen Bauämter von Köln und Los Angles haben eine Wette abgeschlossen, in welchem Amt schneller der Plan eines vierzehnstöckigen Hochhauses angefertigt wird. Schickt man aus Los Angeles ein Telegramm: «Noch vierzehn Tage, und wir sind fertig!»
Kommt aus Köln prompt die Antwort: «Noch vierzehn Formulare, und wir fangen an!»";0;4;;1;5;d
128;229;Einwohnermeldeamt;;buchstabieren;;"Im Einwohnermeldeamt. Ein Mann tritt ein.
Beamter: «Ihr Name?»
«Rycznovczes»
Ach ja!
Der Nächste: «Ihr Name?»
«Ibn mel Ach Nehemed»
«Ach ja!»
Der Nächste: «Ihr Name?»
Müller
«Moment, buchstabieren Sie bitte!»";0;3;;1;5;d
107;91;Eignunsprüfung;Beamtenlaufbahn;Verlust oder Profit;;"Bei der Eignungsprüfung für die höhere Beamtenlaufbahn wird ein Bewerber gefragt: «Jemand kauft eine Ware für 12.50 Mark und verkauft sie für 10.80 Mark weiter. Hat er Verlust oder Profit gemacht?»
Der Kandidat: «Bei den Märkern hat er etwas verloren, aber bei den Pfennigen hat er enorm gewonnen.»";0;4;;1;5;d
122;125;Oberinspektor;Kopfschmerzen;Kopf geröngt;;"Oberinspektor Müller hat dauernd Kopfschmerzen. Er läßt sich im Krankenhaus untersuchen und erzählt den Kollegen:
«Man hat dort meinen Kopf geröntgt, es wurde aber nichts gefunden.»
Meint ein Mitarbeiter: «Haben Sie etwas anderes erwartet?»";0;4;;1;5;d
133;233;dicke Frau;Kugelstoßer;;;"«Schauen Sie, die Frau dieses Sportlers ist ja dick und rund wie´ne Kugel.»
«Ja und? Ihr Mann ist ja schließlich Kugelstoßer!»";0;;;1;5;d
106;213;Tochter;Amtmann Müller;Statisten;;"Die Tochter von Amtmann Müller: ""Mutti, hier in der Zeitung steht, daß das Theater Statisten sucht. Was sind Statisten?""
«Statisten sind Leute, die nur herumstehen und nichts zu sagen haben»
«Oh, das wäre doch etwas für Papa!»";0;5;;1;5;d
105;212;Beamten;Astronauten;Fehler;;"Was haben Beamte und Astronauten gemeinsam?
Wenn sie unten sind und machen einen Fehler, dann kommen sie nie nach oben.
Sind sie aber erst mal oben und machen einen Fehler, dann kommen sie nie wieder runter!";0;3;;1;5;d
104;174;Direktor;Irrenhaus;Sekretärin;;"Der Direktor im Einwohnermeldeamt tobt: « Das halte ich nicht mehr aus! Das ist ja hier das reinste Irrenhaus!»
Flüstert seine Sekretärin verschüchtert: «Nun mit dem Unterschied, daß in einem Irrenhaus der Direktor normal ist.»";0;5;;1;5;d
130;285;Aufruf;Solidarität;aufwachen;;In einem Aufruf werden die Beamten zu mehr Solidarität und Zusammenhalt mit den Worten aufgefordert: «Beamte, wacht auf!»;0;8;;1;5;d
131;259;Müller;Massachusetts;woandershin;;"Herr Müller will nach Massachusetts auswandern und bemüht sich um einen Auslandspaß.
«Wohin wollen Sie?» fragt ihn der Beamte.
«Nach Massachusetts»
Der Beamte krault sich verlegen hinter dem Ohr, fragt dann beklommen: «Hören Sie, wollen Sie nicht lieber woandershin auswandern?»";0;4;;1;5;d
114;304;Beamte;Urlaub;9 Wochen;;"Fragt Frau Witte den Beamten Meier: «Wie lange haben Sie eigentlich Urlaub?»
«Neun Wochen»
«Was? So lange?»
«Ja wissen Sie: Zuerst habe ich vier Wochen, dann macht mein Chef fünf Wochen Ferien.»";0;7;;1;5;d
132;329;olympisches Dorf;Einbrecher;Sprinter;;"Im olympischen Dorf ist eingebrochen worden.
«Sie haben also den Einbrecher noch gesehen, bevor er die Flucht ergriff ?» fragt der Polizeikommissar den Sportler.
«So ist es»
«Aber Sie sind doch Sprinter, und trotzdem sind Sie dem fliehenden Einbrecher nicht nachgelaufen?»
«Klar bin ich das! Ich konnte ihn sogar ziemlich bald überholen und behielt lange die Führung. Aber stellen Sie sich vor: Als ich mich nach einiger Zeit umdrehte, war der Kerl plötzlich verschwunden.»";0;;;1;5;d
109;353;Beamte;Trottel;Riesenrindvieh;Chef;"Zwei Beamte streiten sich. «Sie sind der größte Trottel!» ruft der eine.
«Und Sie ein Riesenrindvieh,» schreit der andere.
Mischt sich der anwesende Chef ein: «Meine Herren, Sie vergessen ganz, daß ich auch noch da bin.»";0;7;;1;5;d
108;161;arbeiten;Behörde;entlassen;;"«Wie lange arbeiten Sie schon bei dieser Behörde?»
«Seit man mir gedroht hat, mich zu entlassen!»";0;6;;1;5;d
86;125;hospital;vacaciones;;;"Y a tí, por qué te trajeron al hospital?
- Por error.
- No estás enfermo?
- No, pero no se lo digas a nadie que me echaras a perder las vacaciones.";0;2;;2;6;s
90;231;fracturas;suegra;balcon;;"- Y usted cómo se hizo tantas fracturas?
- Por una falta de apreciación.
- Le atropellaron y usted no se percató del peligro?
- No, lo que pasa es que mi suegra no me apreciaba y me tiró por el balcón de su ático.";0;6;;2;6;s
89;161;tarado;conducir;;;"- Doctor, quedaré tarado?
- Pues por la forma en que conducía, creo que ya lo estaba antes, así que ánimo.";0;5;;2;6;s
88;290;hospital;andar;;;"- Doctor, y el hospital está muy lejos de mi casa?
- No se preocupe, señor Pérez, le aseguro que no tendrá que volver a casa andando.";0;3;;2;6;s
87;238;pierna izquierda;zapatos;;;"- Jo! me han cortado la pierna izquierda en lugar de la derecha.
- Eso sí que es grave.
- Y tanto! Dime que voy a hacer ahora con todos los zapatos izquierdos que me había comprado.";0;2;;2;6;s
152;263;Hämorrhoiden;Gesicht;;;"Der Arzt: ""Machen Sie sich frei, drehen Sie sich bitte um und bücken Sie sich !""
Dann untersucht er den Patienten und sagt:
""Sie haben Hämorrhoiden !""
Der Patient richtet sich auf und meint:
""Sagen Sie, Herr Doktor, haben Sie sich nicht getraut, mir das ins Gesicht zu sagen?!"".";0;3;21.01.1996 00:00;1;7;d
153;290;Tränen;Waage;zu klein;;"Die wohlbeleibte Frau steht mit Tränen in den Augen auf der Waage.
Ihr Hausarzt tröstet sie:
""Gnädige Frau, Sie sind nicht zu schwer, Sie sind nur für Ihr Gewicht zu klein.""";0;3;21.01.1996 00:00;1;7;d
154;213;Nachwuchs;Geschlechtsorgan;Zunge;;"Herr Kreibich beklagt sich bei seinem Hausarzt, daß nach zweijähriger Ehe noch kein Nachwuchs da ist.
""Ja"", meint der Arzt, ""da werden wir schnell feststellen, woran das liegt. Zeigen Sie mir mal bitte Ihr Geschlechtsorgan.""
Herr Kreibich streckte dem Arzt die Zunge heraus.";0;2;21.01.1996 00:00;1;7;d
155;353;Weihnachtsfest;Zuckergehalt;essen;;"Vor dem Weihnachtsfest hat Frau Nederling wieder einen höheren Zuckergehalt im Blut. Sagt die Patientin:
""Verdammtes Weihnachtsgebäck! Es war wieder einmal alles leicht angebrannt, und ich habe mich geopfert und es gegessen !""";0;4;21.01.1996 00:00;1;7;d
156;260;Apotheke;Waage;Groschen;;"Eine sehr attraktive junge Dame kommt in die Apotheke und sieht in der Ecke eine Waage stehen.
Sie verlangt einen Groschen, wiegt sich und schreit entsetzt auf. Rasch verlangt sie noch einen Groschen, legt Mantel und Hut ab und wiegt sich von neuem. Sie zieht Schuhe und Pullover aus, nimmt den nächsten Groschen und betritt abermals die Waage.
Da kommt der Apotheker, stellt sich neben sie und sagt:
""Machen Sie nur weiter, schönes Fräulein, ab jetzt geht es auf Kosten des Hauses.""";0;3;21.01.1996 00:00;1;7;d
157;161;Operationstisch;16 Operation;;;"Der Patient liegt auf dem Operationstisch und zittert vor Angst.
Der Chirurg beruhigt ihn: ""Aber Herr Hübner, haben Sie doch keine Angst. Das ist meine sechzehnte Operation - und einmal muß sie doch gelingen, nicht wahr?""";0;3;28.01.1996 00:00;1;7;d
158;125;Geschlechtsarzt;Schauspieler;;;"Der Haut- und Geschlechtsarzt hat den Patienten untersucht und fragt:
""Was sind Sie denn von Beruf?""
""Ich bin Schauspieler am Stadttheater und spiele den ersten Liebhaber!""
""Ich muß Ihnen sagen, in diesem Fall waren Sie es nicht!""";0;6;28.01.1996 00:00;1;7;d
165;260;Benzol;Lederhandschuhen;;;"""Das Benzol"", doziert der Professor schmunzelnd, ""hat einen eigenartigen Geruch. Eine Dame hat mir einmal gesagt, es röche...""
""Nach gewaschenen Lederhandschuhen"", ruft ein Student aus der letzten Reihe. 
Der Professor sieht den Zwischenrufer höchst erstaunt an und fragt:
""Wie - kennen Sie die Dame etwa auch?""";0;3;28.01.1996 00:00;1;7;d
149;161;lauwarmes Wasser;keine Zeit;;;"Der Arzt empfiehlt seinem Patienten jeden Morgen auf nüchternen Magen ein Glas lauwarmes Wasser zu trinken.
""Dazu habe ich keine Zeit, Herr Doktor"", sagt der Patient.
""Wieso denn nicht? Das ist doch eine Sache von Sekunden!""
""Das kann schon sein, aber bei mir wird es mindestens eine halbe Stunde dauern, bis ich mich dazu entschließe.""";0;1;21.01.1996 00:00;1;7;d
160;213;Fieber 57 Grad;Feuerwehr;;;"Herr Krumnickel erkrankt, und seine junge, hübsche Frau ruft aufgeregt den Arzt: 
""Herr Doktor! Kommen Sie sofort! Ich habe bei meinem Mann das Fieber gemessen! Er hat - glaube ich - warten Sie - ich glaube, es waren 57 Grad!""
""57 Grad?"" wundert sich der Arzt. ""Dann wäre es wohl besser, Sie riefen die Feuerwehr.""";0;1;28.01.1996 00:00;1;7;d
140;161;Manneskraft;Phosphorpräparat;;;"Kommt Herr Trautwein zum Arzt und klagt:
""Herr Doktor, meine Manneskraft läßt zu wünschen übrig, können Sie mir nicht ein Mittel geben?""
""Ich werde Ihnen ein Phosphorpräparat verschreiben"", meint der Arzt.
""Nun, damit wir uns richtig verstehen, Herr Doktor, ich will nicht, daß er leuchtet.""";0;1;15.01.1996 00:00;1;7;d
164;371;Toilenttenpapiers;Arsch;farbenblind;;"In der Materialbeschaffungsstelle der Klinik diskutieren die Sachbearbeiter über die Farbe des anzuschaffenden Toilettenpapiers.
Der eine stimmt für rotes und der andere für grün-geblümtes. 
Da meint der dritte:
""Es tut mir leid, meine Herren - Sie mögen das frivol finden, aber mein Arsch ist farbenblind!""";0;5;28.01.1996 00:00;1;7;d
163;341;Apothekerin;traümen;;;"""So, da bin ich schon wieder"", sagt Herr Fränzel zu der jungen, hübschen Apothekerin.
""Können Sie denn immer noch nicht schlaffen?""
""Nein, das ist es eben. Ich träume dauernd von Ihnen, aber immer wieder anders. Und deswegen bin ich gekommen, um zu sehen, wie Sie wirklich sind.""";0;6;28.01.1996 00:00;1;7;d
162;387;Pfarrer;Hoffnung;;;"Bei der Hochzeitszeremonie wendet sich der Pfarrer an die Braut:
""Und nun zu Ihnen, liebe Braut. Daß Sie stark im Glauben sind, das hoffen wir. Daß Sie stark in der Liebe sind, das wissen wir. Und daß Sie stark in der Hoffnung sind, das sehen wir.""";0;2;28.01.1996 00:00;1;7;d
161;161;78jährige Patientin;Jungfrau;;;"Der praktische Arzt hat die 78jährige Patientin Frau Walmroth wegen Unterleibsschmerzen an einen Gynäkologen überwiesen. Nach der Untersuchung stellt dieser überrascht fest, daß sie noch Jungfrau ist.
""Sagen Sie, Frau Walmroth, waren Sie nicht verheiratet?""
""Schon, schon, Herr Doktor, sogar dreimal! Zum erstenmal mit einem Architekten, der immer nur plante, zum zweitenmal mit einem Musiker, der nur spielte, und zum drittenmal mit einem Maurer, der immer sagte, wir fangen morgen an -  bis er starb. """;0;1;28.01.1996 00:00;1;7;d
159;379;Bauer;Kondome;;;"Nachdem in zehn Ehejahren in der Bauernfamilie zehn Kinder zur Welt gekommen waren, ging der Bauer zum Arzt, um sich beraten zu lassen.
""Ja, mein Lieber, Sie scheinen hinter dem Mond zu leben"", meinte der Arzt und verschrieb ihm für alle Fälle eine Großpackung Kondome.
Als der Abend kam, rief seine Frau ungeduldig im Bett:
""Väterchen, wo bleibst du denn?""
""Das verdammte Zeug, was mir der Arzt verschrieben hat"", fluchte der Bauer von nebenan, ""49 habe ich drüber, aber der 50. geht nicht drauf!""";0;4;28.01.1996 00:00;1;7;d
139;161;Gynäkologe;Kinderzimmer;;;"Nachdem der Gynäkologe die junge Patientin untersucht hatte, fragte er:
""Was ist Ihr Mann von Beruf?""
""Architekt.""
""Interessant. Er hat bei Ihnen den Grundstein für ein Kinderzimmer gelegt.""";0;3;15.01.1996 00:00;1;7;d
150;304;Moped;Dackel;regnen;;"Ein junger Mann saust auf einem Moped an der psychiatrischen Klinik vorbei. Plötzlich läuft ihm ein Dackel in den Weg. Ein Stoß, und der arme Hund fliegt in einem hohen Bogen über die Anstaltsmauer. Dort gehen zwei Patienten spazieren. Der eine schaut auf und sagt: "" Es wird regnen; die Dackel fliegen heute so niedrig.""";0;3;21.01.1996 00:00;1;7;d
151;213;Maske;Operationstisch;;;"""Nehmen Sie ruhig die Maske ab, Herr Doktor"", sagt der Patient auf dem Operationstisch"" ich habe Sie längst erkannt !""";0;1;21.01.1996 00:00;1;7;d
135;175;Kopfschmerzen;Heiligenschein;;;"Der Patient macht einen niedergeschlagenen Eindruck und klagt über große Kopfschmerzen. Der Arzt untersucht ihn zuerst und fragt dann: ""Rauchen Sie viel?""
""Aber nein, Herr Doktor, keine einzige Zigarette.""
""Und wie ist es mit dem Trinken?""
""Um Gottes willen, wo denken Sie hin?""
""Ja, und Frauengeschichten?""
""Aber ich bitte Sie, Herr Doktor, für was halten Sie mich denn!""
""Wenn ich es mir so richtig überlege"" sagt der Arzt grüblerisch, ""dann wird es nur daran liegen, daß Ihr Heiligenschein zu eng sitzt.""";0;1;12.01.1996 00:00;1;7;d
136;175;Medizinstudent;Zettel;Nachbarin;;"Im Hörsaal schiebt ein verliebter Medizinstudent seiner Nachbarin einen Zettel zu:
""Willst Du dasselbe wie ich?""
Sie schiebt den Zettel mit ihrer Antwort zurück:
""Ja - aber nicht mit Dir""";0;2;13.01.1996 00:00;1;7;d
138;213;Psychiater;Minderwertigkeitskomplexe;;;"Herr Marquard war zum drittenmal zur Behandlung beim Psychiater, als er zu ihm sagte:
""So, Doktorchen, Sie altes Arschloch, jetzt sind meine Minderwertigkeitskomplexe verschwunden!""";0;1;14.01.1996 00:00;1;7;d
141;213;Telefonnummer;Stethoskop;;;"""Und jetzt wiederholen Sie mehrmals Ihre Telefonnummer"", sagte der Arzt, als er die sehr attraktive Patientin mit dem Stethoskop abhörte.";0;2;16.01.1996 00:00;1;7;d
142;336;Chirurg;plastische Operation;Rechnung;;"Der Chirurg macht bei einer Dame eine plastische Operation. Er verpaßt ihr ein  neues Profil, eine schmale Nase, beseitigt sämtliche Falten, läßt das Doppelkinn verschwinden und der Mund bekommt eine zarte Linie.
Als fast alles fertig ist, fragt die Dame: ""Herr Doktor, könnten Sie mir auch große, ausdrucksvolle Augen machen?""
""Aber natürlich, gnädige Frau, einen Moment"", sagt der Chirurg und ordnet seiner Sekretärin an: ""Schreiben Sie der gnädigen Frau bitte die Rechnung!"".";0;7;16.01.1996 00:00;1;7;d
143;213;Apotheke;Rattengift;;;"Ein Mann kommt in die Apotheke:
""Haben Sie Rattengift?""
""Aber sicher....für wieviel Personen?""";0;3;17.01.1996 00:00;1;7;d
144;175;Arzt;Kiefer;Jahr;;"Beim Arzt läutet das Telefon. Er hebt den Hörer ab, und eine leise Stimme sagt: ""Herr Doktor, meine Frau hat sich den Kiefer ausgerenkt, und deswegen möchte ich Sie bitten, vorbeizukommen, wenn Sie im Laufe des nächsten Jahres in der Gegend sein sollten...""";0;3;17.01.1996 00:00;1;7;d
145;358;Sekretärin;Hautarzt;Gonorrhö;;"Eine Sekretärin läßt sich beim Arzt für Haut- und Geschlechtskrankeiten untersuchen.
""Ja"", meint der Arzt, ""das ist ohne Zweifel eine Gonorrhö.""
""Ich glaube, Herr Doktor, das kommt bestimmt davon, daß ich mich bei dem Streß heftig am Schreibtisch gestoßen habe.""
""Nun ja, am Schreibtisch wohl weniger, es wird wohl ein Sekretär gewesen sein.""";0;4;19.01.1996 00:00;1;7;d
146;213;Schlaf;später aufwachen;;;"""Sagen Sie mir, Herr Doktor, wenn ich aus dem Schlaf erwache, dann dreht sich mir eine halbe Stunde lang der Kopf. Was soll ich machen?""
""Wachen Sie am besten immer erst eine halbe Stunde später auf!""";0;4;19.01.1996 00:00;1;7;d
147;260;Psychiater;Mädchen;erinnern;;"""Herr Doktor, mit mir ist etwas nicht in Ordnung!"" beschwert sich der zweiundneunzigjährige Herr Grünlich beim Psychiater. ""Ich laufe dauernd hinter jungen Mädchen her!""
""Aber das ist doch ganz natürlich, Herr Grünlich!"" beruhigt ihn der Arzt.
""Nun ja - aber ich kann mich nicht erinnern, weswegen!"".";0;3;21.01.1996 00:00;1;7;d
148;161;Tinktur;Augen;Magen;;"""Und von dieser Tinktur nehmen Sie jeden Morgen drei Tropfen in die Augen!""
""Auf nüchternen Magen, Herr Doktor?""";0;3;21.01.1996 00:00;1;7;d
137;371;schöne Frau;Sprechstunde;scheiden;;"Eine sehr junge und schöne Frau kommt in die Sprechstunde und klagt:
""Herr Doktor, ich bin dauernd nervös, gereizt und leide ans Schlaflosigkeit.""
Der Arzt untersucht sie gründlich und meint mit einem Lächeln:
""Das ist nichts Ernstes, gnädige Frau. Sie müssen so schnell wie möglich heiraten!""
""Aber Herr Doktor, ich bin doch verheiratet!""
""Dann lassen Sie sich scheiden!"".";0;3;14.01.1996 00:00;1;7;d
3;285;professeur;culture;marmelade;étaler;"Un professeur de lycée demande à ses élèves:
 - Quelle est la différence entre la culture er la marmelade ?
Et comme personne ne trouve, il explique:
- Il n´y en a pas. L´une et l´autre, moins on en a, plus on a tendance à l´étaler.";0;2;;3;8;f
7;305;piéton;chauffard;numéro;indicatif départemental;"Un piéton, traversant hors des clous en lisant un gros livre de mathématiques, avait été bousculé par un chauffard qui s´était enfui.
- Monsieur le professeur, lui demande un agent quile connaissait, avez-vous eu au moins le temps de noter le numéro de ce sauvage ?
- Pas exactement mais j´ai remarqué que la racine carrée de l´indicatif départemental était égale à la moitié des deux premiers chiffres, multipliée par le quart des deux suivants, préalablement inversés.";0;1;01.03.1994 00:00;3;8;f
10;161;ignorance;apercevoir;;;L´ignorance, dit un professeur à ses grands élèves, ce n´est pas quand vous ne savez pas quelque chose. C´est quand vous ne savez pas quelque chose- et que quelqu´un s´en apercoit.;0;5;01.03.1994 00:00;3;8;f
9;305;thermomètre;instituteur;;;"Quelle est la différence entre un thermomètre et un instituteur ?
Réponse: il n´y en a pas. On tremble quand l´un et l´autre marquent zéro.";0;1;01.03.1994 00:00;3;8;f
8;353;prof de mathématiques;maillot de bain;cravate = f 850;;"Un professeur de matématiques regarde, sans aménité, le minuscule maillot de bain que vient d´acheter sa femme.
- Si je considère son prix d´achat, lui dit-il, que je le divise par sa surface, puis que je multiplie le résultat obtenu par la surface, également exprimée en centimètres carrés, de ma cravate, je trouve que celle-ci devrait valoir environ 850 F.";0;1;01.03.1994 00:00;3;8;f
6;304;professeur;tête;estomac;remplir;- Quel dommage, soupire un professeur de lycée, que notre tête ne fonctionne pas comme notre estomac. Imaginez-vous ce qu´on serait instruit si une tête vide réagissait comme un estomac vide, en ne laissant pas de repos à son propriétaire jusqu´à ce qu´il la remplisse ?;0;4;01.03.1994 00:00;3;8;f
4;212;instituteur;inspecteur;question;lever la main;- Demain, annonce l´instituteur à ses élèves, nous aurons la visite de l´inspecteur. Il faut qu´on lui fasse bonne impression. Alors, voilà ce que  nous allons convenir. Quand je poserai une question, tout le monde sa exception lévera la main pour répondre. Mais pour que je ne fasse pas de gaffe, adoptons un code très simple. Ceux qui savent léveront la main droite et ceux qui ne savent pas, la main gauche.;0;2;;3;8;f
2;330;professeur;étude(livre);beau gracon;proviseur;"Un éminent professeur avait connu deux grandes joies le même jour: la sortie en librairie de son étude de cinq cents pages sur L ´ emploi de la virgule chez victor Hugo et la venue au monde d´un beau garcon.
 Evidemment, les deux éléments se mêlaient un peu dans sa tête. C´est pourquoi, quand le proviseur du lycée le félicita pour la naissance de son fils, le professeur répondit:
- Oh! ca n´a pas été sans mal et je n´ y serais sans doute jamais parvenu sans l´aide de deux de mes meilleurs étudiants.";0;1;;3;8;f
1;5;professeur;fautes d´orthographe;carte;;"Un professeur entre au restaurant et commande:
- Vous me donnerez des fautes d´orthographe.
- Mais, monsieur, dit le garcon, nous ne servons pas cela.
- Alors, s´étonne le client, pourquoi en mettez-vous sur la carte ?";0;3;;3;8;f
5;329;vieil instituteur;élève;silence;écouter;"Un vieil instituteur de campagne confie son secret à son remplacant:
- Chaque année, dans votre classe, vous remarquerez un élève qui ne cessera pas de vous asticoter pour vous contredire. votre premier mouvement sera, tout naturellement, de lui imposer le silence. En ce cas, je vous conjure, réfléchissez bien. Plus tard, vous risquez de vous apercevoir que cet élève, qui était le seul à discuter, était aussi le seul qui vous écoutait avec attention.";0;2;01.03.1994 00:00;3;8;f
186;286;doctor;tightly corked;;;"Doctor to patient: ""You are a great deal better this morning, I see. You evidently followed my instructions and that prescription must have worked wonders. But you haven´t taken any of the medecine!""
Patient: ""No. You see, it says on the label -keep the bottle tightly corked.""";0;2;09.05.1996 00:00;4;9;e
176;353;girl;untidiness;;;"A little girl had been reprimanded by her school teacher for untidiness in her hair and dress. But she had spirit. 
""My mummy says, it´s not what I look like that matters. It´s what I are!"" she replied.";0;1;27.04.1996 00:00;4;9;e
193;263;peasant;hospital;bath;;"From a Swedish newspaper comes the story of a peasant who had to go into hospital for an operation. As soon as he arrived he was given a good bath. As he left the bathroom he remarked to the attendant. ""Well, it wasn´t as bad as I expected. I´ve been dreading that operation for years.""";0;2;12.05.1996 00:00;4;9;e
192;330;beach;search;false teeth;;"The family had been spending the day at the seaside. It was time to go home when the wife noticed her husband anxiously searching the beach. ""What are you looking for?"" she called out, to which he replied:
""A piece of toffee.""
""We can´t waste time doing that"" she retorted.
""We shall have to, my false teeth are stuck to it."" he said.";0;2;12.05.1996 00:00;4;9;e
191;358;engineers;meter;;;"A story that electricity service engineers tell is about the woman who complained that when every piece of electrical apparatus in her house was switched off, the disc on her meter continued to go slowly round.
""I´m being charged for what I´m not using"" she said. She took the engineer to the cupboard containing the meter, switched on the light, and said: ""Look, it´s still going round!""";0;1;11.05.1996 00:00;4;9;e
190;358;exaggeration;;;;"Father to small boy: ""How many millions of times have I told you not to exaggerate?""";0;1;11.05.1996 00:00;4;9;e
189;379;elderly couple;cottage;WC;bucket;"An elderly couple who had retired from business were being shown over a country cottage by the local agent. Everything seemed to be just right, pleasant rooms, nicely decorated, well attended garden and the price seemed reasonable. They had decided that it would suit them very well when the old lady whispered something to her husband who then asked the agent: ""Where is the W.C. situated? We didn´t notice one in the house.""
""Oh, that is the only drawback. It is in the garden but it is very exclusive."" And so it was, being surrounded by a neat privet hedge with a little entrance gate, but it was of the bucket type. After inspecting it, the old lady again whispered to her husband, whereupon he said to the agent: ""My wife points out that there is no lock on the door."" 
Then the agent drew himself up in all his dignity and said: ""The man who owned this cottage lived in it for thirty years and his father before him for at least the same time, and during all that time, to the best of my knowledge and belief, no one has ever stolen the bucket.""";0;1;11.05.1996 00:00;4;9;e
188;229;dog;saying;;;"A man was calling upon another who had rather a ferocious looking dog which barked loudly at him as he walked up the path. So he said, ""My lord, your dog does bark, I even thought that he was going to bite me.""
Replied the other: ""Oh, he´s all right. You know the saying: a barking dog never bites?""
The first man: ""Yes, I know the saying and you know the saying, but does the dog know it?""";0;3;10.05.1996 00:00;4;9;e
187;353;doctor;mother-in-law;pull through;;"Late one night a doctor received a telephone call from a man who said urgently, ""Dorctor, my mother-in-law is lying at death´s door. Can you come round at once and pull her trough?""";0;1;10.05.1996 00:00;4;9;e
175;353;boy;bad report;;;"A boy, whose father had received a bad school report of his son, asked: ""What do you think the trouble with me is, Dad - heredity or environment?""";0;1;27.04.1996 00:00;4;9;e
167;0;American;cabbage;Englisman;copper;"An American farmer, on a visit to England, was boasting about the wonders of agriculture in his country. ""Why,"" he said, ""in America we grow cabbages so large, that it takes a tractor to drag one out of the ground.""
Said the Englishman, ""Well, we can´t beat that, but we are a great manufacturing country. I remember that once we were building a large copper. On leaving off work at twelve o´clock on a Saturday, one of the workmen dropped his hammer and when he returned on Monday morning, it had just reached the ground.""
""Snakes alive,"" said the American. ""Whatever did you want with a copper that size?"" ""To cook one of your cabbages,"" came the reply.";0;0;18.04.1996 00:00;4;9;e
168;0;bank manager;loan;eye of glass;;"A man went to see his bank manager to ask for a loan. After he had taken particulars, the bank manager said: ""By rights I should refuse your request, but I will give you a sporting chance. Now, one of my eyes is made of glass. If you can tell me which one it is, I will grant you the loan.""
The customer looked at the other intently for a few moments and then said: ""It´s your right eye.""
""That´s correct,"" said the bank manager. ""How did you guess?"" 
The customer replied: ""Well, it appeared to be more sympathetic"".";0;0;24.04.1996 00:00;4;9;e
169;387;two girls;grandmother;Bible;;"Two little girls were discussing their respective families. ""Why does your grandmother read her Bible so much?"" asked one. Replied the other: ""I think she´s cramming for her finals.""";0;1;25.04.1996 00:00;4;9;e
170;353;Old Testament;picture;Adam and Eve;;"A teacher asked her class of small children to make a crayon picture of the Old Testament story which they liked best.
One small boy depicted a man driving an old car. In the back seat were two passengers, both scantily dressed.
""It is a nice picture,"" said the teacher, ""but what story does it tell?""
The young artist seemed surprised at the question. "" Well!"" he exclaimed, ""doesn´t it say in the Bible that God drove Adam and Eve out of the Garden of Eden?"".";0;1;25.06.1997 00:00;4;9;e
171;371;business man;bathe;bowler hat;;"It was a lovely warm evening and a business man who had just come from the City thought that he would take a quiet dip in the sea. There appeared to be no one about so he undressed quickly and slipped into the water. After a very enjoyable bathe he came out and to his horror found that, with the exception of his bowler hat, his clothes had been stolen.
Well, there was no help for it, so holding his bowler in front, he walked quickly up the beach hoping to find someone who knew him. Suddenly there appeared two ladies whom he knew slightly and to whom he merely bowed. One of the ladies who was elderly and short-sighted asked, ""Who was that who paseed us so hurriedly?"" 
""Oh, that was Mr. Jones,"" came the reply from the other lady.
""Well, he was no gentleman or he would have raised his hat"" said the first.
""Well, I think that he was, because he didn´t"" came the reply.";0;1;26.04.1996 00:00;4;9;e
172;370;concrete path;children;;;"A man was laying a new concrete path. No sooner was his back turned than a crowd of children came running by, leaving footmarks all over the hardening surface. A neighbour, who heard him swearing, reproached him:
"" I thought you liked children, George""
""I do like them. In the abstract, but not in the concrete"" he replied.";0;2;27.04.1996 00:00;4;9;e
178;305;little boy;fight;;;"Mother: ""Where did you get that black eye, Jimmy? Didn´t I tell you that good little boys never fight?""
Jimmy: ""Yes, Mother, and I believed you. I thought he was a good little boy and hit him, and then I found out he wasn´t.""";0;2;27.04.1996 00:00;4;9;e
174;0; went and gone;write 50 times;;;"A little girl did not seem to be able to distinguish between the words ""went"" and ""gone"", and was continually saying ""I have went"". So one day her schoolmistress said that she must stay behind after school and write out ""I have gone"" fifty times. The little girl did so and left a note for the mistress stating, ""I have written- I have gone- fifty times and have went home.""";0;0;27.04.1996 00:00;4;9;e
185;0;Definitions;gentleman;optimist;pessimist;"Definitions
A Gentleman
One who holds the door open while his wife carries in the parcels from the car
An Optimist
A person who buys something from a Jew and expects to sell it to a Scotsman at a profit.
A Pessimist
One who has lived with an optimist
A Pedestrian
A man who has found a place to park his car.
Question: When does the pedestrian have the right of way?
After he´s placed in the ambulance.";0;0;09.05.1996 00:00;4;9;e
177;358;cold;whisky;Daddy´s scent;;"A mother, fearing that she might have caught a cold, took a little whisky and hot water as a precaution. As she tucked up her little daughter in bed shortly afterwards, a look of reproach came over the little one´s face. 
""Oh, Mummy, you´ve been using Daddy´s scent"" she said.";0;1;27.04.1996 00:00;4;9;e
179;213;seven children;bus conductor;picnic;;"A women got on a bus with seven children. The conductor asked: ""Are these all yours, lady, or is it a picnic?""
""They´re all mine. And it´s no picnic."" came the reply.";0;1;27.04.1996 00:00;4;9;e
180;0;father and son;questions;;;"Father to son: ""Please don´t pester me with so many questions. I´ve answered you about a hundred times today already. What do you think would have happened if I had asked my father so many questions?""
""Well, Dad. Perhaps you might have learnt how to answer some of mine"" replied the boy.";0;0;27.04.1996 00:00;4;9;e
181;397;embassy;Chinaman;Likee Speechee;;"At an embassy luncheon a yound Englishman found himself seated next to a Chinaman. Wishing to be friendly, after soup had been served, he turned to the Chinaman and said ""Likee Soupee?"". 
The Chinaman merely smiled and the Englishman thought, ""Poor chap, probably doesn´t understand English."" 
At the conclusion of the meal, there were some speeches and to the Englishman´s horror the Chinaman rose to respond to the toast of ""The Visitors"" and in a discourse full of wit and epigram he made an excellent speech in perfect English.
As he sat down to applause, he turned to the Englishman and said, ""Likee Speechee?"".";0;1;07.05.1996 00:00;4;9;e
182;371;cinema;Picasso´s daughter;;;"In a cinema a forward young man put his hand on a girl´s leg and she slapped it away; then he put it on her knee and she did not appear to mind so much this time, so he got bolder and moved his hand up her thigh and again she slapped it away, with the remark, 
""You are wasting your time; I am Picasso´s daughter and what your are after is under my arm!""";0;1;07.05.1996 00:00;4;9;e
183;161;office;computer;think;;"""Have you had a busy day at the office?"" a young woman asked her husband when he arrived home a little late.
""Terrible. The computer broke down in the middle of the afternoon and we all had to think.""";0;1;08.05.1996 00:00;4;9;e
184;371;deaf and dumb;dance;;;"He was a stranger in the neighbourhood and had been brought to a dance at the deaf and dumb hospital by his friend, the doctor.
""How on earth can I ask a deaf and dumb girl to dance? he asked anxiously.
""Just smile at her and bow"", said the doctor.
So the young man picked out a pretty girl, smiled and bowed and away they went dancing. They danced four dances then another young man came up. 
""I say, darling, when are we going to have another dance? It´s almost an hour since you danced with me."" he said. 
The  girl answered:
""I know dear, but I don´t know ho to get away from this deaf and dumb chap"".";0;1;08.05.1996 00:00;4;9;e
173;301;workmanship;testing;;;"We hear a lot about bad workmanship in building these days but the following story wants some swallowing. A workman called out from a room in one of the houses being built to a fellow workman in an adjoining house:
""Testing, Bill. Can you hear me?""
""Hear you, I can see you in three places"" replied the other";0;1;27.04.1996 00:00;4;9;e
