"ID_Word_I";"Word";"TypeOfWord";"Artikel_ref";"Nature_ref";"Sentence";"F-translation";"DateEntryWord";"DateSource";"Source_ref";"TitleOfArticle";"Definition_I";"RandomNumber";"CounterWord";"CumulWord";"Gramm"
1;"colto";;;0;"Alto, distinto, dotato di grande facilità di parola e molto colto, er davvero un paziente fuori del comune.";"agg cultivé, éclairé, averti";23.4.1996 00:00:00;1.11.1991 00:00:00;1;"Un paziente che non  dimenticherò mai";;1,00;0,00;0,00;0
2;"degenza";;"la";0;"Bravo doveva esserlo davvero, vista la preparazione giuridica che dimostrava: durante la degenza assisteva, scrivendo istanze e ricorsi, tutti i poveri diavoli ricoverati che avevano subito torti e ingiustizie, soprattutto come conseguenze di infortuni su";"(a letto) l´alitement; (in ospedale) l´hospitalisation";23.4.1996 00:00:00;1.11.1991 00:00:00;1;"Un paziente che non dimenticherò mai";;1,00;0,00;0,00;0
3;"guancia";;"la";0;"Alto, portamento distinto, moto più giovanile dei suoi 55 anni, neri gli occhi, pallido il volto dalle guance scarne.";"la joue";23.4.1996 00:00:00;1.11.1991 00:00:00;1;"Un paziente che non dimenticherò mai";;1,00;0,00;0,00;0
4;"portamento";;"il";0;"Alto, portamento distinto, moto più giovanile dei suoi 55 anni, neri gli occhi, pallido il volto dalle guance scarne.";"l´allure;
(modo di camminare) la démarche;
(fig: comportamento) la conduite, le comportement";23.4.1996 00:00:00;1.11.1991 00:00:00;1;"Un paziente che non dimenticherò mai";;1,00;0,00;0,00;0
5;"scarno";;;0;"Alto, portamento distinto, moto più giovanile dei suoi 55 anni, neri gli occhi, pallido il volto dalle guance scarne.";"agg décharné: viso scarno;
(fig: povero di contenuto) pauvre";23.4.1996 00:00:00;1.11.1991 00:00:00;1;"Un paziente che non dimenticherò mai";;1,00;0,00;0,00;0
6;"allorché";;;0;"Quanto all´eleganza del modo di parlare, ce ne rendemmo conto durante la prima visita, allorché lo invitammo a esporci le circostanze dell´incidente stradale nel quale era rimasto coinvolto.";"cong lorsque";23.4.1996 00:00:00;1.11.1991 00:00:00;1;"Un paziente che non dimenticherò mai";;1,00;0,00;0,00;0
7;"parco";;;0;"Dotato di una calda voce baritonale, si esprimeva alternando parole e pause, da consumato attore. Ed esponeva i fatti con estrema precisione, facendo un uso parco e sempre appropriato degli aggettivi.
- essere parco nel mangiare, nel bere";"agg. sobre, frugal;
modéré: parco nello spendere";23.4.1996 00:00:00;1.11.1991 00:00:00;1;"Un paziente che non dimenticherò mai";;1,00;0,00;0,00;0
8;"recare";;;0;"Venimmo dunque a sapere che un mattino il nostro avvocato- Luigi Terenzi, residente a Milano, come risultava dai documenti - si stava recando a Parma per un processo, percorrendo l´autostrada del Sole.";"vtr. apporter: recare qc in dono a q., (fig) recare sollievo
vi. (andare) se rendre";23.4.1996 00:00:00;1.11.1991 00:00:00;1;"Un paziente che non dimenticherò mai";;1,00;0,00;0,00;0
9;"vettura";;"la";0;"Era una giornata di primo inverno con nebbia fitta e, poco dopo Lodi, Terenzi era stato coinvolto in un gigantesco tamponamento. Ricordò: ""Una scena da film di guerra: vetture e camion accartocciati, disposti di traverso sulla carreggiata, ribaltati...""";"la voiture, l´auto: vettura sport, da corsa";24.4.1996 00:00:00;1.11.1991 00:00:00;1;"Un paziente che non dimenticherò mai";;1,00;0,00;0,00;0
10;"accartocciare";;;0;"Era una giornata di primo inverno con nebbia fitta e, poco dopo Lodi, Terenzi era stato coinvolto in un gigantesco tamponamento. Ricordò: ""Una scena da film di guerra: vetture e camion accartocciati, disposti di traverso sulla carreggiata, ribaltati...""";"vi pron. se recroqueviller, se racornir";24.4.1996 00:00:00;1.11.1991 00:00:00;1;"Un paziente che non dimenticherò mai";;1,00;0,00;0,00;0
11;"ribaltare";;;0;"Era una giornata di primo inverno con nebbia fitta e, poco dopo Lodi, Terenzi era stato coinvolto in un gigantesco tamponamento. Ricordò: ""Una scena da film di guerra: vetture e camion accartocciati, disposti di traverso sulla carreggiata, ribaltati...""";"vi e intr pron. se renverser, culbuter, capoter";24.4.1996 00:00:00;1.11.1991 00:00:00;1;"Un paziente che non dimenticherò mai";;1,00;0,00;0,00;0
12;"spappolamento";;"lo";0;"Il nostro paziente era uscito da quell´inferno con una frattura del femore destro e lo spappolamento del calcagno sinistro, rimasto impigliato tra freno e frizione.";"l´écrabouillement, l´écrabouillage";24.4.1996 00:00:00;1.11.1991 00:00:00;1;"Un paziente che non dimenticherò mai";;1,00;0,00;0,00;0
13;"calcagno";;"il";0;"Il nostro paziente era uscito da quell´inferno con una frattura del femore destro e lo spappolamento del calcagno sinistro, rimasto impigliato tra freno e frizione.
- fig stare alle calcagna di q.";"le talon";24.4.1996 00:00:00;1.11.1991 00:00:00;1;"Un paziente che non dimenticherò mai";;1,00;0,00;0,00;0
14;"impigliàre";;;0;"Il nostro paziente era uscito da quell´inferno con una frattura del femore destro e lo spappolamento del calcagno sinistro, rimasto impigliato tra freno e frizione.
- il vestito le s´impigliò nei rovi";"vi pron se prendre
sa robe se prit dans les ronces";24.4.1996 00:00:00;1.11.1991 00:00:00;1;"Un paziente che non dimenticherò mai";;1,00;0,00;0,00;0
15;"reparto";;"il";0;"All´operazione era seguito un lungo periodo di immobilizzazione nel gesso. Rimosso quest´ultimo, il primario ortopedico dell´ospedale di L. aveva consigliato un ricovero nel nostro reparto per la riabilitazione degli arti traumatizzati.";"(di grande magazzino) le rayon; (d´ospedale) le service: reparto chirurgico";24.4.1996 00:00:00;1.11.1991 00:00:00;1;"Un paziente che non dimenticherò mai";;1,00;0,00;0,00;0
16;"primario";;"il";0;"All´operazione era seguito un lungo periodo di immobilizzazione nel gesso. Rimosso quest´ultimo, il primario ortopedico dell´ospedale di L. aveva consigliato un ricovero nel nostro reparto per la riabilitazione degli arti traumatizzati.";"le médecin-chef";24.4.1996 00:00:00;1.11.1991 00:00:00;1;"Un paziente che non dimenticherò mai";;1,00;0,00;0,00;0
17;"disagio";;"il";0;"Il mio assistente, dottor Vignoli, gli fece notare, a quel punto, che avrebbe potuto ricevere le stesse nostre cure a Milano: con minor disagio, per uno come lui che risiedeva nella metropoli lombarda.";"(privazione) la privation;
le désagrément, la gêne";24.4.1996 00:00:00;1.11.1991 00:00:00;1;"Un paziente che non dimenticherò mai";;1,00;0,00;0,00;0
18;"degènza";;"la";0;"""A Milano con mancano ottimi servizi di recupero motorio dove potrebbe praticare le cure ambulatorialmente, evitando la degenza e il conseguente fastidio per i suoi familiari"". Ribatté Terenzi: ""La ringrazio per il consiglio, dottore, ma fortunatamente vi";"(a letto) l´alitement;
(in ospedale) le séjour à l´hôpital, l´hospitalisation";24.4.1996 00:00:00;1.11.1991 00:00:00;1;"Un paziente che non dimenticherò mai";;1,00;0,00;0,00;0
19;"ribàttere";;;0;"""A Milano con mancano ottimi servizi di recupero motorio dove potrebbe praticare le cure ambulatorialmente, evitando la degenza e il conseguente fastidio per i suoi familiari"". Ribatté Terenzi: ""La ringrazio per il consiglio, dottore, ma fortunatamente vi";"(fig.) répliquer, rétorquer";24.4.1996 00:00:00;1.11.1991 00:00:00;1;"Un paziente che non dimenticherò mai";;1,00;0,00;0,00;0
20;"solèrzia";;"la";0;"L´indomani l´avvocato Luigi Terenzi iniziò i suoi trattamenti eseguendo con solerzia e impegno tutto ciò che la terapista ordinava. Garbato con tutti, sorridente, non faceva pesare la sua posizione.";"la diligence";25.4.1996 00:00:00;1.11.1991 00:00:00;1;"Un paziente che non dimenticherò mai";;1,00;0,00;0,00;0
21;"garbato";;;0;"L´indomani l´avvocato Luigi Terenzi iniziò i suoi trattamenti eseguendo con solerzia e impegno tutto ciò che la terapista ordinava. Garbato con tutti, sorridente, non faceva pesare la sua posizione.";"agg. courtois, poli";25.4.1996 00:00:00;1.11.1991 00:00:00;1;"Un paziente che non dimenticherò mai";;1,00;0,00;0,00;0
22;"appartàrsi";;;0;"Al termine delle sedute terapeutiche, anziché appartarsi, cercava di stabilire rapporti cordiali con gli altri degenti: chiedeva notizie sui loro infortuni, li incoraggiava.
- appartarsi dagli altri";"vrifl. s´écarter, se tenir à l´écart
- s´isoler";25.4.1996 00:00:00;1.11.1991 00:00:00;1;"Un paziente che non dimenticherò mai";;1,00;0,00;0,00;0
23;"degènte";;"il";0;"Al termine delle sedute terapeutiche, anziché appartarsi, cercava di stabilire rapporti cordiali con gli altri degenti: chiedeva notizie sui loro infortuni, li incoraggiava.";"agg e s. m. e f. le malade, l´alité";25.4.1996 00:00:00;1.11.1991 00:00:00;1;"Un paziente che non dimenticherò mai";;1,00;0,00;0,00;0
24;"stesura";;"la";0;"Dopo una settimana, nelle ore libere dalle cure cominciò a occuparsi più concretamente dei problemi - personali o legali- dei malati. Iniziò con consigli, pareri, poi passò alla stesura di lettere, istanze, comparse. Prima di avviare questa attività - che";"la redaction;
(testo redatto) la version";25.4.1996 00:00:00;1.11.1991 00:00:00;1;"Un paziente che non dimenticherò mai";;1,00;0,00;0,00;0
25;"civetteria";;"la";0;"Dopo una settimana, nelle ore libere dalle cure cominciò a occuparsi più concretamente dei problemi - personali o legali- dei malati. Iniziò con consigli, pareri, poi passò alla stesura di lettere, istanze, comparse. Prima di avviare questa attività - che";"la coquetterie";25.4.1996 00:00:00;1.11.1991 00:00:00;1;"Un paziente che non dimenticherò mai";;1,00;0,00;0,00;0
26;"avviàre";;;0;"Dopo una settimana, nelle ore libere dalle cure cominciò a occuparsi più concretamente dei problemi - personali o legali- dei malati. Iniziò con consigli, pareri, poi passò alla stesura di lettere, istanze, comparse. Prima di avviare questa attività - che";"- commencer, mettre en train; avviare una nuova costruzione
- entamer, engager, amorcer: avviare una trattativa; avviare un colloquio";25.4.1996 00:00:00;1.11.1991 00:00:00;1;"Un paziente che non dimenticherò mai";;1,00;0,00;0,00;0
27;"sopruso";;"il";0;"L´avvocato mi spiegò che c´erano malati bisognosi di assistenza giuridica poiché, per timidezza o per mancanza di soldi, non potevano rivolgersi al tribunale rimanendo così vittime di soprusi e ingiustizie.";"l´injustice, la brimade;
(abuso) l´abus";26.4.1996 00:00:00;1.11.1991 00:00:00;1;"Un paziente che non dimenticherò mai";;1,00;0,00;0,00;0
28;"postumi";;"i";0;"""Prendiamo il caso del Viganò, quel ragazzo brianzolo che ha perso quattro dita della mano sotto una pressa. L´Istituto assicuratore si rifiuta di pagare i postumi invalidanti permanenti, sostenendo chi il Viganò va soggetto a crisi epilettiche.""";"les séquelles, les suites";26.4.1996 00:00:00;1.11.1991 00:00:00;1;"Un paziente che non dimenticherò mai";;1,00;0,00;0,00;0
29;"brianzolo";;;0;"""Prendiamo il caso del Viganò, quel ragazzo brianzolo che ha perso quattro dita della mano sotto una pressa. L´Istituto assicuratore si rifiuta di pagare i postumi invalidanti permanenti, sostenendo chi il Viganò va soggetto a crisi epilettiche.""";"??";26.4.1996 00:00:00;1.11.1991 00:00:00;1;"Un paziente che non dimenticherò mai";;1,00;0,00;0,00;0
30;"scuotere";;;0;"Vignoli, allora, ci guardò e intervenne, scuotendo il capo: "" Eppure in quell´uomo cè qualcosa di poco chiaro""
- la triste notizia l´ha scosso";"vtr. secouer, remuer: - la testa; - i tappeti
(fig) secouer, bouleverser:";26.4.1996 00:00:00;1.11.1991 00:00:00;1;"Un paziente che non dimenticherò mai";;1,00;0,00;0,00;0
31;"rilievo";;"il";0;"In verità, il rilievo di Vignoli sulle mancate visite a Terenzi aveva un fondamento sul quale da tempo riflettevo. Parlando un giorno con suor Angela, Terenzi aveva rivelato che nel suo studio lavoravano due giovani avvocati e tre impiegate.
Sorprendente";"(fig: osservazione) la remarque, critique;
(fig: importanza) l´importance";26.4.1996 00:00:00;1.11.1991 00:00:00;1;"Un paziente che non dimenticherò mai";;1,00;0,00;0,00;0
32;"costoro";;;0;"In verità, il rilievo di Vignoli sulle mancate visite a Terenzi aveva un fondamento sul quale da tempo riflettevo. Parlando un giorno con suor Angela, Terenzi aveva rivelato che nel suo studio lavoravano due giovani avvocati e tre impiegate.
Sorprendente";"pron. dimostr. ceux-ci, ceux-là, celles-ci";26.4.1996 00:00:00;1.11.1991 00:00:00;1;"Un paziente che non dimenticherò mai";;1,00;0,00;0,00;0
33;"scartabellare";;;0;"Un paio di volte ere venuta una giovane donna che si era presentata come la sua segretaria, chiedendo di poter conferire con lui per ragioni di ufficio. La prima volta i due si erano appartati in un angolo del soggiorno a parlare, scartabellando fogli che";"vt. feuilleter";26.4.1996 00:00:00;1.11.1991 00:00:00;1;"Un paziente che non dimenticherò mai";;1,00;0,00;0,00;0
34;"scongiurare";;;0;"La volta successiva, il loro incontro era finito in un alterco, con Terenzi che scongiurava la donna di non alzare la voce perché alcuni malati li stavano osservando.";"vt. conjurer: - un pericolo;
(supplicare) conjurer, supplier";26.4.1996 00:00:00;1.11.1991 00:00:00;1;"Un paziente che non dimenticherò mai";;1,00;0,00;0,00;0
35;"ripristinàre";;;0;"Ormai il gioco articolare di anca, ginocchio e piedi si andava ripristinando e i dolori, prima lancinanti, si erano ridotti a un modesto fastidio.";"vt. restaurer: - la facciata di una chiesa
(fig) rétablir: - l´ordine; - una ferrovia; - una legge";29.4.1996 00:00:00;1.11.1991 00:00:00;1;"Un paziente che non dimenticherò mai";;1,00;0,00;0,00;0
36;"spacciàrse";;;0;"""Devo rivelarle cose riservatissime: per questo sono in borghese e mi sono presentato alla sua segretaria come medico. Dunque, professore: nel suo reparto si trova degente un individuo che si spaccia per avvocato, Luigi Terenzi?""...""La vera professione di";"vrifl. se faire passer (pour)";29.4.1996 00:00:00;1.11.1991 00:00:00;1;"Un paziente che non dimenticherò mai";;1,00;0,00;0,00;0
37;"truffatore";;;0;"""Devo rivelarle cose riservatissime: per questo sono in borghese e mi sono presentato alla sua segretaria come medico. Dunque, professore: nel suo reparto si trova degente un individuo che si spaccia per avvocato, Luigi Terenzi?""...""La vera professione di";"escroc";29.4.1996 00:00:00;1.11.1991 00:00:00;1;"Un paziente che non dimenticherò mai";;1,00;0,00;0,00;0
38;"soffiàta";;"la";0;"Il capitano Nobili aggiunse allora che stava braccando Livio P. da circa un anno, ma senza risultati, quando una soffiata l´aveva messo sulla strada buona, dall´ospedale di L. fino al nostro reparto.";"(fig: spiata) indication, mouchardage";29.4.1996 00:00:00;1.11.1991 00:00:00;1;"Un paziente che non dimenticherò mai";;1,00;0,00;0,00;0
39;"raggìro";;"il";0;""" Livio P. è uno specialista in truffe e raggiri. Ladro lo è diventato per pagarsi i debiti di gioco: ha sperperato somme favolose in tutti i casinò del mondo, dall´Italia agli Stati Uniti. Vede, il fatto è che tanto è geniale nell´allestire truffe quanto";"la machination, le manège, la manigance";29.4.1996 00:00:00;1.11.1991 00:00:00;1;"Un paziente che non dimenticherò mai";;1,00;0,00;0,00;0
40;"allestire";;;0;""" Livio P. è uno specialista in truffe e raggiri. Ladro lo è diventato per pagarsi i debiti di gioco: ha sperperato somme favolose in tutti i casinò del mondo, dall´Italia agli Stati Uniti. Vede, il fatto è che tanto è geniale nell´allestire truffe quanto";"vt. préparer, organiser: - una festa
monter, mettre en scène: - una commedia";29.4.1996 00:00:00;1.11.1991 00:00:00;1;"Un paziente che non dimenticherò mai";;1,00;0,00;0,00;0
41;"iellato";;;0;""" Livio P. è uno specialista in truffe e raggiri. Ladro lo è diventato per pagarsi i debiti di gioco: ha sperperato somme favolose in tutti i casinò del mondo, dall´Italia agli Stati Uniti. Vede, il fatto è che tanto è geniale nell´allestire truffe quanto";"??";29.4.1996 00:00:00;1.11.1991 00:00:00;1;"Un paziente che non dimenticherò mai";;1,00;0,00;0,00;0
42;"sperperàre";;;0;""" Livio P. è uno specialista in truffe e raggiri. Ladro lo è diventato per pagarsi i debiti di gioco: ha sperperato somme favolose in tutti i casinò del mondo, dall´Italia agli Stati Uniti. Vede, il fatto è che tanto è geniale nell´allestire truffe quanto";"vt. gaspiller, dissiper";29.4.1996 00:00:00;1.11.1991 00:00:00;1;"Un paziente che non dimenticherò mai";;1,00;0,00;0,00;0
43;"biscazzière";;"il";0;"""Il codice lo conosce com un vero avvocato"" disse. E, mutando tono, aggiunse: ""Mi sbaglio, professore, o lei per questo biscazziere nutre una certa simpatia?""";"le tenancier de tripot;
habitué des tripots";29.4.1996 00:00:00;1.11.1991 00:00:00;1;"Un paziente che non dimenticherò mai";;1,00;0,00;0,00;0
44;"combùtta";;"la";0;"Aveva finito col mettersi in combutta con una banda di falsari ricercata dalle polizie di tutta Europa, Interpol in specie.";"la bande, la clique";29.4.1996 00:00:00;1.11.1991 00:00:00;1;"Un paziente che non dimenticherò mai";;1,00;0,00;0,00;0
45;"avviàre";;;0;"Gli domandai da quanto tempo lavorasse in coppia con la ragazza dai capelli rossi. Rispose: ""Da circa un anno"". E dopo poco: ""Per Anna provo rimorso, perché sono io che l´ho avviata al gioco"".";"vt. diriger (fig) - q. agli studi giuridici
acheminer: - la corrispondenza
commencer, mettre en train: - una nuova costruzzione";29.4.1996 00:00:00;1.11.1991 00:00:00;1;"Un paziente che non dimenticherò mai";;1,00;0,00;0,00;0
46;"foraggiàre";;;0;"Gli chiesi della sua compagna: ""Anna?...Be´, dalla faccenda di Zurigo sono riuscito a tenerla fuori. Per il resto si troverà un altro che la foraggi e tra una settimana di me non si ricorderà più"".";"vt. affourager; 
(fig) subventionner";29.4.1996 00:00:00;1.11.1991 00:00:00;1;"Un paziente che non dimenticherò mai";;1,00;0,00;0,00;0
47;"garbo";;"il";0;"I malati, alla vigilia della sua dimissione, proposero di festeggiarlo. Ma Terenzi, con il consueto garbo, li convinse a non far niente, accennando molto vagamente a un lutto di famiglia.";"la grâce: cantare con -
la gentillesse: chiedere qc con -
la politesse: trattare q. con -";29.4.1996 00:00:00;1.11.1991 00:00:00;1;"Un paziente che non dimenticherò mai";;1,00;0,00;0,00;0
48;"accennare";;;0;"I malati, alla vigilia della sua dimissione, proposero di festeggiarlo. Ma Terenzi, con il consueto garbo, li convinse a non far niente, accennando molto vagamente a un lutto di famiglia.";"sembler: la pioggia non accennava a smettere
faire allusion: vorrei solo - alla questione
laisser entendre: come le avevo accennato nella lettera";29.4.1996 00:00:00;1.11.1991 00:00:00;1;"Un paziente che non dimenticherò mai";;1,00;0,00;0,00;0
49;"varcàre";;;0;"Appena la vettura della giovane donna ebbe varcato il cancello, si trovò la strada sbarrata da due automezzi dei carbinieri.";"vt. franchir: - la frontera
(fig) dépasser: - la cinquantina";29.4.1996 00:00:00;1.11.1991 00:00:00;1;"Un paziente che non dimenticherò mai";;1,00;0,00;0,00;0
50;"cancèllo";;"il";0;"Appena la vettura della giovane donna ebbe varcato il cancello, si trovò la strada sbarrata da due automezzi dei carbinieri.";"la grille";29.4.1996 00:00:00;1.11.1991 00:00:00;1;"Un paziente che non dimenticherò mai";;1,00;0,00;0,00;0
51;"grigiòre";;"il";0;"Molte persone soffrono in questo modo giorno dopo giorno per tutta la vita, immerse in un grigiore permanente che nei casi peggiori può trapassare nella completa oscurità.";"(pr e fig) la grisaille";2.5.1996 00:00:00;1.7.1991 00:00:00;2;"Un spiraglio di luce";;1,00;0,00;0,00;0
52;"guasto";;;0;"Cercano disperatamente spiegazioni plausibili del loro stato: una volta è la cattiva stagione, un´altra è che hanno dormito male o hanno mangiato qualcosa di guasto, oppure hanno litigato col principale. E quando poi non sanno più a che cosa appigliarsi, ";"agg en panne: motore guasto
- avarié, abîmé: carne guasta";2.5.1996 00:00:00;1.7.1991 00:00:00;2;"Un spiraglio di luce";;1,00;0,00;0,00;0
53;"appiglàrsi";;;0;"Cercano disperatamente spiegazioni plausibili del loro stato: una volta è la cattiva stagione, un´altra è che hanno dormito male o hanno mangiato qualcosa di guasto, oppure hanno litigato col principale. E quando poi non sanno più a che cosa appigliarsi, ";"vrif (pr e fig) s´accrocher: (fig) - a un pretesto";2.5.1996 00:00:00;1.7.1991 00:00:00;2;"Un spiraglio di luce";;1,00;0,00;0,00;0
54;"sopravvènto";;;0;"Si perde la capacità di concentrazione, mentre scompare anche il desiderio sessuale. In molti casi a tutto questo si aggiungono dolori cronici, che a volte prendono il sopravvento, tanto da occultare completamente i sintomi depressivi.";"avv e agg. (fig) avantage: avere il - su q.; prendere il -";2.5.1996 00:00:00;1.7.1991 00:00:00;2;"Un spiraglio di luce";;1,00;0,00;0,00;0
55;"scomparìre";;;0;"Si perde la capacità di concentrazione, mentre scompare anche il desiderio sessuale. In molti casi a tutto questo si aggiungono dolori cronici, che a volte prendono il sopravvento, tanto da occultare completamente i sintomi depressivi.";"vintr. disparaître";2.5.1996 00:00:00;1.7.1991 00:00:00;2;"Un spiraglio di luce";;1,00;0,00;0,00;0
56;"raddoppiàre";;;0;"Altri studi epidemiologici mostrano un chiaro aumento dell´incidenza di questa malattia, come risulta, ad esempio, da un importante lavoro svedese in cui si è seguito regolarmente nel tempo un campione rappresentativo della popolazione e dal quale è emers";"vtr e intr. doubler: - la paga
(intensificare) redoubler";2.5.1996 00:00:00;1.7.1991 00:00:00;2;"Un spiraglio di luce";;1,00;0,00;0,00;0
57;"incòrrere";;;0;"Quanto più numerose sono le persone che incorrono in stati depressivi, tanto più pressante diventa la domanda sulle cause della malattia.";"vi. encourir, risquer: - in una multa
- s´exposer à, tomber (dans): - nel ridicolo";2.5.1996 00:00:00;1.7.1991 00:00:00;2;"Un spiraglio di luce";;1,00;0,00;0,00;0
58;"scarso";;;0;"Ma anche se le certezze sono ancora scarse, abbiamo nel frattempo una gran quantità di ricerche genetiche e psicologiche, che offrono approcci molto promettenti.";"agg 1. maigre: scarse risorse
2. (insufficiente) insuffisant
3. pauvre: libro - di illustrazioni";2.5.1996 00:00:00;1.7.1991 00:00:00;2;"Un spiraglio di luce";;1,00;0,00;0,00;0
59;"scatenàre";;;0;"Le depressioni psicogene, dette talvolta reattive o esogene, sono condizionate dall´ambiente, cioè scatenate soprattutto da esperienze stressanti.";"(fig) vtr. exciter, déchaîner, déclencher";2.5.1996 00:00:00;1.7.1991 00:00:00;2;"Un spiraglio di luce";;1,00;0,00;0,00;0
60;"soggiacére";;;0;"Dato che in queste forme (depressioni endogene) non si riesce a individuare né uno stato patologico soggiacente, né un´esperienza scatenante, si suppone da tempo l´intervento di un fattore ereditario.";"vi. se soumettre, se plier";2.5.1996 00:00:00;1.7.1991 00:00:00;2;"Un spiraglio di luce";;1,00;0,00;0,00;0
61;"sterminàto";;;0;"Il nostro sistema nervoso consiste in una rete sterminata di cellule collegate fra loro. Gli impulsi nervosi si trasmettono da un neurone all´altro attraverso uno spazio vuoto, la sinapsi.";"agg. illimité, immense, infini";2.5.1996 00:00:00;1.7.1991 00:00:00;2;"Un spiraglio di luce";;1,00;0,00;0,00;0
62;"rassègna";;"la";0;"Non c´è ricerca o rassegna da cui non risulti che sono soprattuto le donne a soffrire di depressione. Come regola empirica vale questa: su tre pazienti, due sono donne.";"1. la revue: - della stampa
2. (resconto) compte rendu
3. (mostra) exposition";2.5.1996 00:00:00;1.7.1991 00:00:00;2;"Un spiraglio di luce";;1,00;0,00;0,00;0
63;"càrico";;"il";0;"Anziché contrapporre una forma primaria e biologica di depressione ad una secondaria, i dati empirici suggeriscono il modello di un´interazione, in cui un eccessivo carico di tipo psicosociale collabora o concorre con un carico di tipo neurofisiologico.";"1. (atto del caricare) le chargement
2. (ciò che viene caricato) la charge, le chargement
3. (onere, peso) la charge, le poids: il - della responsabilità; - fiscale, tributario";2.5.1996 00:00:00;1.7.1991 00:00:00;2;"Un spiraglio di luce";;1,00;0,00;0,00;0
64;"trascuràre";;;0;"Il ruolo dei fattori psicosociali non deve quindi essere trascurato. Tutta una branca della ricerca, la cosidetta Life Events Research, studia da anni la correlazione fra eventi che alterano la situazione di vita ed episodi depressivi.";"vtr. 1. négliger: - la famiglia
2. (dimenticare) oublier, omettre
3. (fig) mépriser: - i particolari";2.5.1996 00:00:00;1.7.1991 00:00:00;2;"Un spiraglio di luce";;1,00;0,00;0,00;0
65;"sradicàre";;;0;"Nelle donne la depressione è precipitata, secondo una ricerca di Paul Kielholz, da conflitti sentimentali, contrasti coniugali, cui seguono solitudine, isolamento e sradicamento, mancanza di rapporti interpersonali.";"vt. (pr. e fig.) déraciner";2.5.1996 00:00:00;1.7.1991 00:00:00;2;"Un spiraglio di luce";;1,00;0,00;0,00;0
66;"ribàttere";;;0;"Gli antidepressivi, secondo questi critici, non sarebbero veramente d´aiuto: mon possono risolvere i problemi di base. I sostenitori dell´intervento farmacologico ribattono: che giova a un depresso continuare per anni a distendersi sul lettino dell´analis";"(fig) répliquer, rétorquer: non ha avuto il coraggio di -
(fig) insister: - sulla stessa affermazione
(sport) renvoyer (balle)";2.5.1996 00:00:00;1.7.1991 00:00:00;2;"Un spiraglio di luce";;1,00;0,00;0,00;0
67;"giovàre";;;0;"Gli antidepressivi, secondo questi critici, non sarebbero veramente d´aiuto: mon possono risolvere i problemi di base. I sostenitori dell´intervento farmacologico ribattono: che giova a un depresso continuare per anni a distendersi sul lettino dell´analis";"vi. 1. être utile: - alla famiglia
2. réussir: il mare gli giova";2.5.1996 00:00:00;1.7.1991 00:00:00;2;"Un spiraglio di luce";;1,00;0,00;0,00;0
68;"inchiodàre";;;0;"La depressione inchioda in una posizione di scacco matto: quando una persona non ha più la forza per lottare la costringe a fermarsi.";"vt. clouer: - una cassa; (fig) - a letto
(fig) restare inchiodato dallo stupore
vi pron (fig) se bloquer";2.5.1996 00:00:00;1.7.1991 00:00:00;2;"Un spiraglio di luce";;1,00;0,00;0,00;0
69;"impiegàre";;;0;"Gli articoli del CAP (codice di autodisciplina pubblicitaria) che regolano l´impiego di tematiche di natura sessuale nei messaggi pubblicitari sono i due seguenti.";"vt. employer: - il tempo libero a leggere
(denaro) investir, placer
(dare lavoro) engager, embaucher";6.5.1996 00:00:00;1.9.1990 00:00:00;2;"Sesso e vendite: esperienze di uno psicologo ne iurì dell´autodisciplina pubblicitaria";;1,00;0,00;0,00;0
70;"palése";;;0;"Il ricorso alla suggestione erotica, sia in forma palese che con modalità più sottilmente allusive, è uno degli aspetti più evidenti del linguaggio pubblicitario, costantemente alla ricerca di temi d´impatto con cui catturare l´attenzione dei consumatori.";"agg. évident, manifeste, visible";6.5.1996 00:00:00;1.9.1990 00:00:00;2;"Sesso e vendite: esperienze di uno psicologo ne iurì dell´autodisciplina pubblicitaria";;1,00;0,00;0,00;0
71;"ordinaménto";;"l´";0;"Per una più precisa valutazione delle decisioni è utile tenere presente che, essendo quello autodisciplinare un ordinamento strettamente privato, la normativa (CAP) acquista la sua ragion d´essere e il suo significato specifico solo entro i limiti circosc";"s.m. 1 (disposizione ordinata) ordonnance, ordre
2. (complesso di disposizioni) système, réglement";6.5.1996 00:00:00;1.9.1990 00:00:00;2;"Sesso e vendite: esperienze di uno psicologo ne iurì dell´autodisciplina pubblicitaria";;1,00;0,00;0,00;0
72;"mòsso";;;0;"Ai fini di una maggior chiarezza espositiva, la materia sarà organizzata secondo il criterio dei vari tipi di accuse mosse agli annunci incriminati.";"agg. (fig) varié: paesaggio -; 
(fig) vif, rapide: un ritmo alquanto -
(del mare) agité, houleux";6.5.1996 00:00:00;1.9.1990 00:00:00;2;"Sesso e vendite: esperienze di uno psicologo ne iurì dell´autodisciplina pubblicitaria";;1,00;0,00;0,00;0
73;"sorrèggere";;;0;"È possibile affermare che più o meno tutte le forze motivazionali che sorreggono l´agire umano, anche quelle più intime e private, sono state associate all´immagine dei prodotti, presentate come possibili gratificazioni fornite dal loro possesso, e quindi";"vt. (pr. e fig.) soutenir";6.5.1996 00:00:00;1.9.1990 00:00:00;2;"Sesso e vendite: esperienze di uno psicologo ne iurì dell´autodisciplina pubblicitaria";;1,00;0,00;0,00;0
74;"urtàre";;;0;"Il codice non vieta il ricorso all´erotismo in assoluto, ma solo quelle utilizzazioni della pulsione sessuale che possano risultare volgari, indecenti, urtare la sensibilità dei consumatori e il loro senso del pudore.";"vt. heurter, cogner
tamponner, accrocher: - un´auto
(fig) choquer: - la sensibilità di q.";6.5.1996 00:00:00;1.9.1990 00:00:00;2;"Sesso e vendite: esperienze di uno psicologo ne iurì dell´autodisciplina pubblicitaria";;1,00;0,00;0,00;0
75;"istànza";;"l´";0;"L´istanza sottolineava la gratuità dell´utilizzazione di tali particolari anatomici rispetto al prodotto, puntualizzando che nulla ci sarebbe da obiettare sulla presentazione di un seno femminile per pubblicizzare una crema rassodante, mentre essa appare ";"l´instance, la demande: fare - per ottenere qc.
(dir.) l´instance, la requête, la demande: - di divorzio";6.5.1996 00:00:00;1.9.1990 00:00:00;2;"Sesso e vendite: esperienze di uno psicologo ne iurì dell´autodisciplina pubblicitaria";;1,00;0,00;0,00;0
76;"rassodàre";;;0;"L´istanza sottolineava la gratuità dell´utilizzazione di tali particolari anatomici rispetto al prodotto, puntualizzando che nulla ci sarebbe da obiettare sulla presentazione di un seno femminile per pubblicizzare una crema rassodante, mentre essa appare ";"vt. raffermir
(fig: consolidare) consolider, renforcer";6.5.1996 00:00:00;1.9.1990 00:00:00;2;"Sesso e vendite: esperienze di uno psicologo ne iurì dell´autodisciplina pubblicitaria";;1,00;0,00;0,00;0
77;"fuorviàre = forviàre";;;0;"L´istanza sottolineava la gratuità dell´utilizzazione di tali particolari anatomici rispetto al prodotto, puntualizzando che nulla ci sarebbe da obiettare sulla presentazione di un seno femminile per pubblicizzare una crema rassodante, mentre essa appare ";"vt. (pr e fig) fourvoyer, égarer";6.5.1996 00:00:00;1.9.1990 00:00:00;2;"Sesso e vendite: esperienze di uno psicologo ne iurì dell´autodisciplina pubblicitaria";;1,00;0,00;0,00;0
78;"liceità";;;0;"Nella pronuncia relativa il Giurì sostenne la liceità dell´uso del corpo umano nudo come veicolo di promozione pubblicitaria, sia in generale che per i prodotti in questione. Nella fattispecie, afferma la sentenza.....";"licéité";6.5.1996 00:00:00;1.9.1990 00:00:00;2;"Sesso e vendite: esperienze di uno psicologo ne iurì dell´autodisciplina pubblicitaria";;1,00;0,00;0,00;0
79;"nella fattispecie";;;0;"Nella pronuncia relativa il Giurì sostenne la liceità dell´uso del corpo umano nudo come veicolo di promozione pubblicitaria, sia in generale che per i prodotti in questione. Nella fattispecie, afferma la sentenza.....";"en l´espèce, en l´occurrence";6.5.1996 00:00:00;1.9.1990 00:00:00;2;"Sesso e vendite: esperienze di uno psicologo ne iurì dell´autodisciplina pubblicitaria";;1,00;0,00;0,00;0
80;"reputàre";;;0;"Ora, il Giurì reputa che, fintanto che il messaggio stabilisce una equivalenza fra la buccia vellutata della pesca ed il seno femminile con il capezzolo in evidenza, si rimane nell´ambito di una suggestione ormai talmente frequente da non destare eccessiv";"vt. 1. considérer: l´ho sempre reputato onesto
2. estimer: - indispensabile un viaggio";6.5.1996 00:00:00;1.9.1990 00:00:00;2;"Sesso e vendite: esperienze di uno psicologo ne iurì dell´autodisciplina pubblicitaria";;1,00;0,00;0,00;0
81;"bùccia";;"la";0;"Ora, il Giurì reputa che, fintanto che il messaggio stabilisce una equivalenza fra la buccia vellutata della pesca ed il seno femminile con il capezzolo in evidenza, si rimane nell´ambito di una suggestione ormai talmente frequente da non destare eccessiv";"la peau: la - della mela
la pelure, l´épluchure";6.5.1996 00:00:00;1.9.1990 00:00:00;2;"Sesso e vendite: esperienze di uno psicologo ne iurì dell´autodisciplina pubblicitaria";;1,00;0,00;0,00;0
82;"destàre";;;0;"Ora, il Giurì reputa che, fintanto che il messaggio stabilisce una equivalenza fra la buccia vellutata della pesca ed il seno femminile con il capezzolo in evidenza, si rimane nell´ambito di una suggestione ormai talmente frequente da non destare eccessiv";"vt. 1. (pr e fig) réveiller: - q. che dorme
2. (fig) éveiller, susciter: - la curiosità di q.
3. (fig) causer: - preoccupazioni";6.5.1996 00:00:00;1.9.1990 00:00:00;2;"Sesso e vendite: esperienze di uno psicologo ne iurì dell´autodisciplina pubblicitaria";;1,00;0,00;0,00;0
83;"capézzolo";;"il";0;"Ora, il Giurì reputa che, fintanto che il messaggio stabilisce una equivalenza fra la buccia vellutata della pesca ed il seno femminile con il capezzolo in evidenza, si rimane nell´ambito di una suggestione ormai talmente frequente da non destare eccessiv";"1. (di donna) le mamelon, le bouton
2. (di animale in genere) la tette";6.5.1996 00:00:00;1.9.1990 00:00:00;2;"Sesso e vendite: esperienze di uno psicologo ne iurì dell´autodisciplina pubblicitaria";;1,00;0,00;0,00;0
84;"fónte";;"la";0;"Un´ulteriore ampia fonte di istanze, appellantisi alle norme sull´indecenza e la volgarità, concerne l´uso di espressioni intonate ad ambiguità o a doppisensi alludenti all´area sessuale.";"la source: attingere acqua alla -; (fig) una - di informazione";7.5.1996 00:00:00;1.9.1990 00:00:00;2;"Sesso e vendite: esperienze di uno psicologo ne iurì dell´autodisciplina pubblicitaria";;1,00;0,00;0,00;0
85;"àmpio";;;0;"Un´ulteriore ampia fonte di istanze, appellantisi alle norme sull´indecenza e la volgarità, concerne l´uso di espressioni intonate ad ambiguità o a doppisensi alludenti all´area sessuale.";"agg 1. ample: vestito -
2. vaste, grand: un´ampia sala";7.5.1996 00:00:00;1.9.1990 00:00:00;2;"Sesso e vendite: esperienze di uno psicologo ne iurì dell´autodisciplina pubblicitaria";;1,00;0,00;0,00;0
86;"intonàto";;;0;"Un´ulteriore ampia fonte di istanze, appellantisi alle norme sull´indecenza e la volgarità, concerne l´uso di espressioni intonate ad ambiguità o a doppisensi alludenti all´area sessuale.";"agg. 1. (di voce) juste
2. (fig) assorti: un colore - a un altro, une couleur assortie à une autre";7.5.1996 00:00:00;1.9.1990 00:00:00;2;"Sesso e vendite: esperienze di uno psicologo ne iurì dell´autodisciplina pubblicitaria";;1,00;0,00;0,00;0
87;"allùdere";;;0;"Un´ulteriore ampia fonte di istanze, appellantisi alle norme sull´indecenza e la volgarità, concerne l´uso di espressioni intonate ad ambiguità o a doppisensi alludenti all´area sessuale.";"vi. faire allusion";7.5.1996 00:00:00;1.9.1990 00:00:00;2;"Sesso e vendite: esperienze di uno psicologo ne iurì dell´autodisciplina pubblicitaria";;1,00;0,00;0,00;0
88;"ambientazióne";;"l´";0;"Nel 1988 veniva sottoposta al Giurì la pubblicità delle caramelle Mental, basata su alcuni spot televisivi, una di ambientazione inglese e l´altra siciliana, in cui il protagonista pronunciava la frase ""Io ce l´ho profumato...l´alito"".";"1. l´acclimatation
2. la reconstitution: l´- storica di un  film";7.5.1996 00:00:00;1.9.1990 00:00:00;2;"Sesso e vendite: esperienze di uno psicologo ne iurì dell´autodisciplina pubblicitaria";;1,00;0,00;0,00;0
89;"sottopórre";;;0;"Nel 1988 veniva sottoposta al Giurì la pubblicità delle caramelle Mental, basata su alcuni spot televisivi, una di ambientazione inglese e l´altra siciliana, in cui il protagonista pronunciava la frase ""Io ce l´ho profumato...l´alito"".";"vt. soumettre";7.5.1996 00:00:00;1.9.1990 00:00:00;2;"Sesso e vendite: esperienze di uno psicologo ne iurì dell´autodisciplina pubblicitaria";;1,00;0,00;0,00;0
90;"àlito";;"l´";0;"Nel 1988 veniva sottoposta al Giurì la pubblicità delle caramelle Mental, basata su alcuni spot televisivi, una di ambientazione inglese e l´altra siciliana, in cui il protagonista pronunciava la frase ""Io ce l´ho profumato...l´alito"".";"1. l´haleine: avere l´- cattivo
2. (fig) souffle, frisson: un - di vento";7.5.1996 00:00:00;1.9.1990 00:00:00;2;"Sesso e vendite: esperienze di uno psicologo ne iurì dell´autodisciplina pubblicitaria";;1,00;0,00;0,00;0
91;"fraintèndere";;;0;"La scenetta del siciliano: l´uomo tutto pervaso dalla virilità caricaturale tipica di una stereotipata rappresentazione di sicilianità, la donna assai maliziosa sia quando fingeva di avere frainteso l´espressione del maschio (""Io ce l´ho profumato""), sia ";"vt. mal interpréter, mal comprendre";7.5.1996 00:00:00;1.9.1990 00:00:00;2;"Sesso e vendite: esperienze di uno psicologo ne iurì dell´autodisciplina pubblicitaria";;1,00;0,00;0,00;0
92;"precisazióne";;"la";0;"La scenetta del siciliano: l´uomo tutto pervaso dalla virilità caricaturale tipica di una stereotipata rappresentazione di sicilianità, la donna assai maliziosa sia quando fingeva di avere frainteso l´espressione del maschio (""Io ce l´ho profumato""), sia ";"1. la mise au point, la précision
2. (spiegazione) l´explication";7.5.1996 00:00:00;1.9.1990 00:00:00;2;"Sesso e vendite: esperienze di uno psicologo ne iurì dell´autodisciplina pubblicitaria";;1,00;0,00;0,00;0
93;"pervàdere";;;0;"La scenetta del siciliano: l´uomo tutto pervaso dalla virilità caricaturale tipica di una stereotipata rappresentazione di sicilianità, la donna assai maliziosa sia quando fingeva di avere frainteso l´espressione del maschio (""Io ce l´ho profumato""), sia ";"vt. pénétrer, se répandre (en, dans)";7.5.1996 00:00:00;1.9.1990 00:00:00;2;"Sesso e vendite: esperienze di uno psicologo ne iurì dell´autodisciplina pubblicitaria";;1,00;0,00;0,00;0
94;"stàcco";;"lo";0;"La difesa sosteneva che nei telecomunicati, il personaggio pronunciava la frase con uno stacco significativo fra ""Io ce l´ho sempre"" e ""Durex"", cosicché risultava indubitabile lo specifico ed exclusivo riferimento al prodotto.";"1.( lo staccare) le détachement
2. (fig: intervallo) l´intervalle
3. (fra colori) le contraste";7.5.1996 00:00:00;1.9.1990 00:00:00;2;"Sesso e vendite: esperienze di uno psicologo ne iurì dell´autodisciplina pubblicitaria";;1,00;0,00;0,00;0
95;"cosicché";;;0;"La difesa sosteneva che nei telecomunicati, il personaggio pronunciava la frase con uno stacco significativo fra ""Io ce l´ho sempre"" e ""Durex"", cosicché risultava indubitabile lo specifico ed exclusivo riferimento al prodotto.";"cong. 1. de façon que, de manière que, de sorte que";7.5.1996 00:00:00;1.9.1990 00:00:00;2;"Sesso e vendite: esperienze di uno psicologo ne iurì dell´autodisciplina pubblicitaria";;1,00;0,00;0,00;0
96;"rimproveràre";;;0;"Una nutrita serie di controversie è poi quella che rimprovera a certi messaggi pubblicitari l´uso di espressioni verbali o di immagini nemmeno velate dal paravento dell´ambiguità o del doppiosenso, ma a contenuto esplicitamente indecente e volgare.";"vt. 1. reprocher
2. gronder, réprimander";7.5.1996 00:00:00;1.9.1990 00:00:00;2;"Sesso e vendite: esperienze di uno psicologo ne iurì dell´autodisciplina pubblicitaria";;1,00;0,00;0,00;0
97;"svòlgere";;;0;"Di condanna è stata anche la sentenza contro una campagna di affissioni svolta dalla società Primizie, per promuovere capi di abbligliamento per donna e bambino, basata su un manifesto rappresentante un  bambino e una bambina di circa 5 anni, seduti l´uno";"vt. 1. dérouler, dévider: - un gomitolo, dérouler un peloton
2. (fig) développer: hai svolto bene il tema
3. (fig) mener: - un´inchiesta";7.5.1996 00:00:00;1.9.1990 00:00:00;2;"Sesso e vendite: esperienze di uno psicologo ne iurì dell´autodisciplina pubblicitaria";;1,00;0,00;0,00;0
98;"càpo";;"il";0;"Di condanna è stata anche la sentenza contro una campagna di affissioni svolta dalla società Primizie, per promuovere capi di abbligliamento per donna e bambino, basata su un manifesto rappresentante un  bambino e una bambina di circa 5 anni, seduti l´uno";"1. la tête: a - scoperto
2. la pièce: - di biancheria, di vestiario";7.5.1996 00:00:00;1.9.1990 00:00:00;2;"Sesso e vendite: esperienze di uno psicologo ne iurì dell´autodisciplina pubblicitaria";;1,00;0,00;0,00;0
99;"mutandina";;"la";0;"Di condanna è stata anche la sentenza contro una campagna di affissioni svolta dalla società Primizie, per promuovere capi di abbligliamento per donna e bambino, basata su un manifesto rappresentante un  bambino e una bambina di circa 5 anni, seduti l´uno";"(spec. al pl.) le slip, (da donna) la culotte";7.5.1996 00:00:00;1.9.1990 00:00:00;2;"Sesso e vendite: esperienze di uno psicologo ne iurì dell´autodisciplina pubblicitaria";;1,00;0,00;0,00;0
100;"manifèsto";;"il";0;"Di condanna è stata anche la sentenza contro una campagna di affissioni svolta dalla società Primizie, per promuovere capi di abbligliamento per donna e bambino, basata su un manifesto rappresentante un  bambino e una bambina di circa 5 anni, seduti l´uno";"1. l´affiche, le placard: manifesti elettorali
2. (documento culturale, politico) le manifeste";7.5.1996 00:00:00;1.9.1990 00:00:00;2;"Sesso e vendite: esperienze di uno psicologo ne iurì dell´autodisciplina pubblicitaria";;1,00;0,00;0,00;0
101;"bìmbo";;"il";0;"Di condanna è stata anche la sentenza contro una campagna di affissioni svolta dalla società Primizie, per promuovere capi di abbligliamento per donna e bambino, basata su un manifesto rappresentante un  bambino e una bambina di circa 5 anni, seduti l´uno";"le petit enfant";7.5.1996 00:00:00;1.9.1990 00:00:00;2;"Sesso e vendite: esperienze di uno psicologo ne iurì dell´autodisciplina pubblicitaria";;1,00;0,00;0,00;0
102;"cómpiere";;;0;"Può ben darsi che la maggioranza delle persone, ed in particolare le persone mature, non si scandalizzerebbero affatto nel vedere casualmente su di una spiaggia, compiuto da due bambini, il gesto rappresentato nei manifesti, ed anzi ne resterebbero intene";"vt. 1. accomplir, réaliser: - un sacrificio
2. achever, terminer, finir: - gli studi";7.5.1996 00:00:00;1.9.1990 00:00:00;2;"Sesso e vendite: esperienze di uno psicologo ne iurì dell´autodisciplina pubblicitaria";;1,00;0,00;0,00;0
103;"intenerìre";;;0;"Può ben darsi che la maggioranza delle persone, ed in particolare le persone mature, non si scandalizzerebbero affatto nel vedere casualmente su di una spiaggia, compiuto da due bambini, il gesto rappresentato nei manifesti, ed anzi ne resterebbero intene";"(pr e fig) vt. attendrir";7.5.1996 00:00:00;1.9.1990 00:00:00;2;"Sesso e vendite: esperienze di uno psicologo ne iurì dell´autodisciplina pubblicitaria";;1,00;0,00;0,00;0
104;"ànzi";;;0;"Può ben darsi che la maggioranza delle persone, ed in particolare le persone mature, non si scandalizzerebbero affatto nel vedere casualmente su di una spiaggia, compiuto da due bambini, il gesto rappresentato nei manifesti, ed anzi ne resterebbero intene";"1. ou mieux, ou plutôt
2. (con valore avvers.) au contraire: non mi dispiace, - mi fa piacere";7.5.1996 00:00:00;1.9.1990 00:00:00;2;"Sesso e vendite: esperienze di uno psicologo ne iurì dell´autodisciplina pubblicitaria";;1,00;0,00;0,00;0
105;"radunàre";;;0;"Può ben darsi che la maggioranza delle persone, ed in particolare le persone mature, non si scandalizzerebbero affatto nel vedere casualmente su di una spiaggia, compiuto da due bambini, il gesto rappresentato nei manifesti, ed anzi ne resterebbero intene";"vt. 1. (adunare, riunire) réunir, rassembler
2. (raccogliere) regrouper, ramasser";7.5.1996 00:00:00;1.9.1990 00:00:00;2;"Sesso e vendite: esperienze di uno psicologo ne iurì dell´autodisciplina pubblicitaria";;1,00;0,00;0,00;0
106;"affidàre";;;0;"Di particolare interesse per la problematica considerata sono poi quei messaggi in cui l´allusione sessuale è affidata non tanto a immagini dirette ed esplicite, quanto a suggestioni più latenti ed indirette.";"vt. 1. confier: - a q. documenti riservati
2. remettre, donner, confier: - un bambino alle cure di q.";8.5.1996 00:00:00;1.9.1990 00:00:00;2;"Sesso e vendite: esperienze di uno psicologo ne iurì dell´autodisciplina pubblicitaria";;1,00;0,00;0,00;0
107;"incòngruo";;;0;"Inoltre, il contesto contiene elementi incongrui e dissonanti rispetto a come realisticamente si può configurare un´orgia sessuale: l´ambientazione in un teatro risulta piuttosto inconsueta, molti dei personnaggi, dall´abbigliamento e dall´aria raffinata,";"agg. 1. (insufficiente) insuffisant
2. (sproporzionato) disproportionné";8.5.1996 00:00:00;1.9.1990 00:00:00;2;"Sesso e vendite: esperienze di uno psicologo ne iurì dell´autodisciplina pubblicitaria";;1,00;0,00;0,00;0
108;"inconsuèto";;;0;"Inoltre, il contesto contiene elementi incongrui e dissonanti rispetto a come realisticamente si può configurare un´orgia sessuale: l´ambientazione in un teatro risulta piuttosto inconsueta, molti dei personnaggi, dall´abbigliamento e dall´aria raffinata,";"agg. inhabituel, insolite";8.5.1996 00:00:00;1.9.1990 00:00:00;2;"Sesso e vendite: esperienze di uno psicologo ne iurì dell´autodisciplina pubblicitaria";;1,00;0,00;0,00;0
109;"apparìre";;;0;"Inoltre, il contesto contiene elementi incongrui e dissonanti rispetto a come realisticamente si può configurare un´orgia sessuale: l´ambientazione in un teatro risulta piuttosto inconsueta, molti dei personnaggi, dall´abbigliamento e dall´aria raffinata,";"vi. 1. apparaître: - all´orizzonte
2. (seguito da un agg.) paraître, sembler: - triste; la soluzione non appare facile";8.5.1996 00:00:00;1.9.1990 00:00:00;2;"Sesso e vendite: esperienze di uno psicologo ne iurì dell´autodisciplina pubblicitaria";;1,00;0,00;0,00;0
110;"benintéso";;;0;"In precendenti decisioni, il Giurì aveva optato per la non perseguibilità del linguaggio puramente simbolico, beninteso, nei casi in cui il simbolo non appaia immediatamente trasparente ed il contesto non favorisca in modo inequivocabile la diretta decodi";"avv. bien entendu, naturellement";8.5.1996 00:00:00;1.9.1990 00:00:00;2;"Sesso e vendite: esperienze di uno psicologo ne iurì dell´autodisciplina pubblicitaria";;1,00;0,00;0,00;0
111;"adoperàre";;;0;"Tale pubblicità era stata denunciata poiché l´immagine femminile così proposta, privata del resto della figura, tenuto conto del testo del messaggio, non rispetterebbe la dignità della persona, essendo il corpo femminile, e in ispecie una parte di esso, a";"vt. 1. se servir (de): - un coltello
2. employer: - bene il propio tempo";8.5.1996 00:00:00;1.9.1990 00:00:00;2;"Sesso e vendite: esperienze di uno psicologo ne iurì dell´autodisciplina pubblicitaria";;1,00;0,00;0,00;0
112;"alla strégua di";;;0;"Tale pubblicità era stata denunciata poiché l´immagine femminile così proposta, privata del resto della figura, tenuto conto del testo del messaggio, non rispetterebbe la dignità della persona, essendo il corpo femminile, e in ispecie una parte di esso, a";"à la manière de";8.5.1996 00:00:00;1.9.1990 00:00:00;2;"Sesso e vendite: esperienze di uno psicologo ne iurì dell´autodisciplina pubblicitaria";;1,00;0,00;0,00;0
113;"gradévole";;;0;"Un uomo può conquistare l´amore di una donna, una donna l´amore di un uomo, giovandosi di armi e strumenti i più disparati, di cui la gradevolezza della vicinanza fisica non è il meno importante, ed è appunto ciò per cui serve un profumo.";"agg. agréable";8.5.1996 00:00:00;1.9.1990 00:00:00;2;"Sesso e vendite: esperienze di uno psicologo ne iurì dell´autodisciplina pubblicitaria";;1,00;0,00;0,00;0
114;"boccetta";;"la";0;"Tale messaggio, sotto la scritta di testa ""Baldoria. Dichiaratamente antifemminista"", e la riproduzione di una boccetta di eau de toilette ""Baldoria"", portava la raffigurazione fotografica di una bella e giovane donna bionda, in abito lungo vistosamente s";"le flacon";8.5.1996 00:00:00;1.9.1990 00:00:00;2;"Sesso e vendite: esperienze di uno psicologo ne iurì dell´autodisciplina pubblicitaria";;1,00;0,00;0,00;0
115;"raffigurazióne";;"la";0;"Tale messaggio, sotto la scritta di testa ""Baldoria. Dichiaratamente antifemminista"", e la riproduzione di una boccetta di eau de toilette ""Baldoria"", portava la raffigurazione fotografica di una bella e giovane donna bionda, in abito lungo vistosamente s";"la représentation, la figuration";8.5.1996 00:00:00;1.9.1990 00:00:00;2;"Sesso e vendite: esperienze di uno psicologo ne iurì dell´autodisciplina pubblicitaria";;1,00;0,00;0,00;0
116;"essere in grado di";;;0;"Di recente sono state messe a punto terapie brevi in grado di porre fine agli attacchi di ansia.";"être en mesure de, être à même de";9.5.1996 00:00:00;1.9.1990 00:00:00;2;"Sopraffatti dal nulla";;1,00;0,00;0,00;0
117;"svèlto";;;0;"""D´improviso il mio corpo è attraversato da una strana sensazione, divento nervosa e il cuore mi comincia a battere più svelto. Sono scossa da un tremito e ho paura di perdere il controllo."" Sono parole di una casalinga, che fra l´altro ha una grande paur";"agg. 1. rapide, prompt, leste
2. (slanciato) svelte
3. (sveglio) dégourdi, éveillé";9.5.1996 00:00:00;1.9.1990 00:00:00;2;"Sopraffatti dal nulla";;1,00;0,00;0,00;0
118;"scòsso";;;0;"""D´improviso il mio corpo è attraversato da una strana sensazione, divento nervosa e il cuore mi comincia a battere più svelto. Sono scossa da un tremito e ho paura di perdere il controllo."" Sono parole di una casalinga, che fra l´altro ha una grande paur";"agg. 1. agité
2. (fig) troublé";9.5.1996 00:00:00;1.9.1990 00:00:00;2;"Sopraffatti dal nulla";;1,00;0,00;0,00;0
119;"casalìnga";;"la";0;"""D´improviso il mio corpo è attraversato da una strana sensazione, divento nervosa e il cuore mi comincia a battere più svelto. Sono scossa da un tremito e ho paura di perdere il controllo."" Sono parole di una casalinga, che fra l´altro ha una grande paur";"la ménagère";9.5.1996 00:00:00;1.9.1990 00:00:00;2;"Sopraffatti dal nulla";;1,00;0,00;0,00;0
120;"fra (tra) l´altro";;;0;"""D´improviso il mio corpo è attraversato da una strana sensazione, divento nervosa e il cuore mi comincia a battere più svelto. Sono scossa da un tremito e ho paura di perdere il controllo."" Sono parole di una casalinga, che fra l´altro ha una grande paur";"entre autres";9.5.1996 00:00:00;1.9.1990 00:00:00;2;"Sopraffatti dal nulla";;1,00;0,00;0,00;0
121;"fare la códa";;;0;"Una volta ha avuto un attacco mentre faceva la coda alla cassa del supermercato; propio quando finalmente era arrivato il suo turno, aveva lasciato lì il carrello della spesa e fra gli sguardi meravigliati degli altri clienti si era precipitata fuori dal ";"faire la queue";9.5.1996 00:00:00;1.9.1990 00:00:00;2;"Sopraffatti dal nulla";;1,00;0,00;0,00;0
122;"sguàrdo";;"lo";0;"Una volta ha avuto un attacco mentre faceva la coda alla cassa del supermercato; propio quando finalmente era arrivato il suo turno, aveva lasciato lì il carrello della spesa e fra gli sguardi meravigliati degli altri clienti si era precipitata fuori dal ";"1. le regard
2. (occhiata) le coup d´oeil";9.5.1996 00:00:00;1.9.1990 00:00:00;2;"Sopraffatti dal nulla";;1,00;0,00;0,00;0
123;"corsìa d´emergenza";;"la";0;"Mentre viaggia in autostrada a 180 km/h, senza ragioni apparenti il cuore gli batte fortissimo. Con una manovra azzardata riesce a fermarsi nella corsia d´emergenza.";"le couloir de secours";9.5.1996 00:00:00;1.9.1990 00:00:00;2;"Sopraffatti dal nulla";;1,00;0,00;0,00;0
124;"avvertìre";;;0;"Una giovane pittrice ha venduto il suo primo quadro a un museo. Sta per telefonare al suo ragazzo per dargli la buona notizia, quando avverte un batticuore violentissimo.";"1. percevoir: - un rumore
2. ressentir: - la stanchezza";9.5.1996 00:00:00;1.9.1990 00:00:00;2;"Sopraffatti dal nulla";;1,00;0,00;0,00;0
125;"fùlmine";;"il";0;"Come fulmini a ciel sereno, attacchi di eccezionale malessere, colgono di sorpresa un buon numero di persone. Nella maggior parte dei casi non si riesce a trovare nessuna causa fisica e gli stessi pazienti in genere non sanno che cosa abbia scatenato quel";"1. la foudre: albero colpito dal - 
2. (fig) éclair - a ciel sereno: coup de tonnerre";9.5.1996 00:00:00;1.9.1990 00:00:00;2;"Sopraffatti dal nulla";;1,00;0,00;0,00;0
126;"cògliere";;;0;"Come fulmini a ciel sereno, attacchi di eccezionale malessere, colgono di sorpresa un buon numero di persone. Nella maggior parte dei casi non si riesce a trovare nessuna causa fisica e gli stessi pazienti in genere non sanno che cosa abbia scatenato quel";"1. (fig) saisir: - l´occasione favorevole
2. (fig) saisir, percevoir: - l´importanza di qc.
3. surprendre: essere colti dalla tormenta";9.5.1996 00:00:00;1.9.1990 00:00:00;2;"Sopraffatti dal nulla";;1,00;0,00;0,00;0
127;"scatenàre";;;0;"Come fulmini a ciel sereno, attacchi di eccezionale malessere, colgono di sorpresa un buon numero di persone. Nella maggior parte dei casi non si riesce a trovare nessuna causa fisica e gli stessi pazienti in genere non sanno che cosa abbia scatenato quel";"(fig) vt. exciter, déchaîner, déclencher";9.5.1996 00:00:00;1.9.1990 00:00:00;2;"Sopraffatti dal nulla";;1,00;0,00;0,00;0
128;"ostacolàre";;;0;"Come fulmini a ciel sereno, attacchi di eccezionale malessere, colgono di sorpresa un buon numero di persone. Nella maggior parte dei casi non si riesce a trovare nessuna causa fisica e gli stessi pazienti in genere non sanno che cosa abbia scatenato quel";"vt. contrarier, empêcher, entraver, gêner";9.5.1996 00:00:00;1.9.1990 00:00:00;2;"Sopraffatti dal nulla";;1,00;0,00;0,00;0
129;"impaurìre";;;0;"Sulle prime il paziente non prova in realtà nessuna angoscia nel senso corrente della parola: sono piuttosto le violente reazioni fisiche a impaurirlo. Il paziente comincia ad evitare le situazioni in cui potrebbe sentirsi particolarmente a disagio o espo";"vt. effrayer, effaroucher
vi e i pron. s´effrayer, s´effaroucher";10.5.1996 00:00:00;1.9.1990 00:00:00;2;"Sopraffatti dal nulla";;1,00;0,00;0,00;0
130;"sentirsi a disàgio";;;0;"Sulle prime il paziente non prova in realtà nessuna angoscia nel senso corrente della parola: sono piuttosto le violente reazioni fisiche a impaurirlo. Il paziente comincia ad evitare le situazioni in cui potrebbe sentirsi particolarmente a disagio o espo";"se sentir mal à l´aise, éprouver de la gêne";10.5.1996 00:00:00;1.9.1990 00:00:00;2;"Sopraffatti dal nulla";;1,00;0,00;0,00;0
131;"malgràdo";;;0;"Pan era talmente brutto che la madre l´abbandonò quando vide che cos´aveva messo al mondo. Malgrado il suo fondamentale buon carattere, ogni tanto volgeva al cattivo. Per lo più andava in collera quando veniva disturbato nel sonno, specialmente a mezzogio";"prep. malgré: - le difficoltà
cong. bien que, quoique: - fosse tardi, sono arrivato in tempo";10.5.1996 00:00:00;1.9.1990 00:00:00;2;"Sopraffatti dal nulla";;1,00;0,00;0,00;0
132;"malcapitàto";;"il";0;"Pan era talmente brutto che la madre l´abbandonò quando vide che cos´aveva messo al mondo. Malgrado il suo fondamentale buon carattere, ogni tanto volgeva al cattivo. Per lo più andava in collera quando veniva disturbato nel sonno, specialmente a mezzogio";"le malheureux, le malchanceux";10.5.1996 00:00:00;1.9.1990 00:00:00;2;"Sopraffatti dal nulla";;1,00;0,00;0,00;0
133;"grégge";;"il";0;"Pan era talmente brutto che la madre l´abbandonò quando vide che cos´aveva messo al mondo. Malgrado il suo fondamentale buon carattere, ogni tanto volgeva al cattivo. Per lo più andava in collera quando veniva disturbato nel sonno, specialmente a mezzogio";"(anche fig) le troupeau";10.5.1996 00:00:00;1.9.1990 00:00:00;2;"Sopraffatti dal nulla";;1,00;0,00;0,00;0
134;"sfruttàre";;;0;"Un´altra divinità greca con la particolare capacità di terrorizzare i nemici era Fobos, secondo la mitologia gemello di Deimos e figlio di Ares, dio della guerra. Molti guerrieri a quei tempi sfruttavano la capacità di Fobos di seminare il terrore, portan";"vt. 1. exploiter: - una miniera
2. (utilizzare) utiliser
3. (fig) exploiter, profiter (de)";10.5.1996 00:00:00;1.9.1990 00:00:00;2;"Sopraffatti dal nulla";;1,00;0,00;0,00;0
135;"spaventàre";;;0;"Un´altra divinità greca con la particolare capacità di terrorizzare i nemici era Fobos, secondo la mitologia gemello di Deimos e figlio di Ares, dio della guerra. Molti guerrieri a quei tempi sfruttavano la capacità di Fobos di seminare il terrore, portan";"vt. effrayer, épouvanter";10.5.1996 00:00:00;1.9.1990 00:00:00;2;"Sopraffatti dal nulla";;1,00;0,00;0,00;0
136;"nemìco";;"il";0;"Un´altra divinità greca con la particolare capacità di terrorizzare i nemici era Fobos, secondo la mitologia gemello di Deimos e figlio di Ares, dio della guerra. Molti guerrieri a quei tempi sfruttavano la capacità di Fobos di seminare il terrore, portan";"l´ennemi";10.5.1996 00:00:00;1.9.1990 00:00:00;2;"Sopraffatti dal nulla";;1,00;0,00;0,00;0
137;"comparìre";;;0;"Certo che se non si crede più agli dei greci, la causa degli improvvisi attachi di panico è meno chiara. Il fenomeno compare in molte persone, anche fondamentalmente sane: ne avevano, per esempio Sigmund Freud. La diffusione del problema è allarmante: un ";"vi. 1. paraître, apparaître: - in pubblico
2. (fare figura) paraître, briller: persona che vuole -
3. paraître: rivista che compare a intervalli irregolari";10.5.1996 00:00:00;1.9.1990 00:00:00;2;"Sopraffatti dal nulla";;1,00;0,00;0,00;0
138;"colpìre";;;0;"Certo che se non si crede più agli dei greci, la causa degli improvvisi attachi di panico è meno chiara. Il fenomeno compare in molte persone, anche fondamentalmente sane: ne avevano, per esempio Sigmund Freud. La diffusione del problema è allarmante: un ";"(fig) frapper, atteindre, toucher, affecter: è una scena che mi ha colpito";10.5.1996 00:00:00;1.9.1990 00:00:00;2;"Sopraffatti dal nulla";;1,00;0,00;0,00;0
139;"decórso";;"il";0;"Un 10% circa della popolazione è colpito nel corso della sua vita da attacchi di panico spontanei. Il decorso del disturbo presenta spesso delle oscillazioni, ma una volta che si è instaurato raramente scompare da sé. La qualità della vita peggiora sempre";"1. le cours: i. - di una malattia
2. la période: un lungo - di tempo";10.5.1996 00:00:00;1.9.1990 00:00:00;2;"Sopraffatti dal nulla";;1,00;0,00;0,00;0
140;"susseguìre";;;0;"Un 10% circa della popolazione è colpito nel corso della sua vita da attacchi di panico spontanei. Il decorso del disturbo presenta spesso delle oscillazioni, ma una volta che si è instaurato raramente scompare da sé. La qualità della vita peggiora sempre";"vi. succéder (à), suivre
v rifl rec: se succéder, se suivre";10.5.1996 00:00:00;1.9.1990 00:00:00;2;"Sopraffatti dal nulla";;1,00;0,00;0,00;0
141;"non di ràdo";;;0;"Un 10% circa della popolazione è colpito nel corso della sua vita da attacchi di panico spontanei. Il decorso del disturbo presenta spesso delle oscillazioni, ma una volta che si è instaurato raramente scompare da sé. La qualità della vita peggiora sempre";" souvent, fréquemment";10.5.1996 00:00:00;1.9.1990 00:00:00;2;"Sopraffatti dal nulla";;1,00;0,00;0,00;0
142;"sfociàre";;;0;"Un 10% circa della popolazione è colpito nel corso della sua vita da attacchi di panico spontanei. Il decorso del disturbo presenta spesso delle oscillazioni, ma una volta che si è instaurato raramente scompare da sé. La qualità della vita peggiora sempre";"vi. 1. (sboccare) se jeter (dans)
2. (fig) aboutir (à), déboucher (sur)";10.5.1996 00:00:00;1.9.1990 00:00:00;2;"Sopraffatti dal nulla";;1,00;0,00;0,00;0
143;"accréscere";;;0;"Un 10% circa della popolazione è colpito nel corso della sua vita da attacchi di panico spontanei. Il decorso del disturbo presenta spesso delle oscillazioni, ma una volta che si è instaurato raramente scompare da sé. La qualità della vita peggiora sempre";"vt. 1 augmenter, accroître
2. (fig) étendre, développer: - la propia cultura";10.5.1996 00:00:00;1.9.1990 00:00:00;2;"Sopraffatti dal nulla";;1,00;0,00;0,00;0
144;"contrassegnàre";;;0;"Medicina e psicologia clinica avevano sì costruito le più varie etichette diagnostische per quei disturbi che sono contrassegnati da angosce improvvise e comportamenti di fuga, ma con questo non si poteva dire di avere ancora in pugno il problema. Può dar";"vt. 1. marquer: - con un asterisco
2. (fig) caractériser";10.5.1996 00:00:00;1.9.1990 00:00:00;2;"Sopraffatti dal nulla";;1,00;0,00;0,00;0
145;"addirittùra";;;0;"Medicina e psicologia clinica avevano sì costruito le più varie etichette diagnostische per quei disturbi che sono contrassegnati da angosce improvvise e comportamenti di fuga, ma con questo non si poteva dire di avere ancora in pugno il problema. Può dar";"avv. 1. vraiment, absolument, tout à fait
2. encore: non solo nega ma - sostiene che...";10.5.1996 00:00:00;1.9.1990 00:00:00;2;"Sopraffatti dal nulla";;1,00;0,00;0,00;0
146;"stordiménto";;"il";0;"Come dimostrano i casi prima descritti, spesso all´inizio dell´attacco non c´è l´ansia, ma piuttosto sintomi somatici, come batticuore, affanno, vertigini, stordimento: la paura viene fuori quando questi sintomi sono interpretati come segni di una grave m";"l´étourdissement, l´éblouissement";10.5.1996 00:00:00;1.9.1990 00:00:00;2;"Sopraffatti dal nulla";;1,00;0,00;0,00;0
147;"affàno";;"l´";0;"Come dimostrano i casi prima descritti, spesso all´inizio dell´attacco non c´è l´ansia, ma piuttosto sintomi somatici, come batticuore, affanno, vertigini, stordimento: la paura viene fuori quando questi sintomi sono interpretati come segni di una grave m";"1. l´essouflement
2. (fig) l´anxiété, l´angoisse, le souci: causare - a q.";10.5.1996 00:00:00;1.9.1990 00:00:00;2;"Sopraffatti dal nulla";;1,00;0,00;0,00;0
148;"subentràre";;;0;"Sentendosi continuamente ripetere ""Lei è fondamentalmente sano, non trovo niente di organico"", finisce per dubitare del medico oppure, proporzionalmente alla durata della sua carriera di paziente, anche di se stesso: subentrano allora la vergogna e la res";"vi. (pr. e fig.) succéder, suivre";10.5.1996 00:00:00;1.9.1990 00:00:00;2;"Sopraffatti dal nulla";;1,00;0,00;0,00;0
149;"impostàre";;;0;"Un´accurata indagine terapeutica è indispensabile per impostare un trattamento corretto: prima di qualunque intervento bisogna descrivere e analizzare il comportamento problematico, per distinguerlo da altri possibili disturbi.";"vt. 1. poser: - un´operazione matematica
2. fonder: - una teoria su false basi
3. organiser: - un servizio di vendita a domicilio
4. établir: - un programma";10.5.1996 00:00:00;1.9.1990 00:00:00;2;"Sopraffatti dal nulla";;1,00;0,00;0,00;0
150;"raggiùngere";;;0;"Questi apparecchi permettono di cogliere e registrare le reazioni somatiche nel corso della vita quotidiana. I dati che abbiamo raccolto dimostrano che gli attachi hanno di regola un decorso di tipo acuto: molti sintomi raggiungono l´intensità massima già";"vt. 1. atteindre, arriver (à): - la meta
2. arriver (à): in aereo si può - Ginevra in un´ora";10.5.1996 00:00:00;1.9.1990 00:00:00;2;"Sopraffatti dal nulla";;1,00;0,00;0,00;0
151;"notévole";;;0;"Ma che dire della notevole contraddizione fra i sintomi minacciosi che il paziente avverte e l´assenza nella maggior parte dei casi di una causa somatica? Per  quanto riguarda le percezioni somatiche, si tratta generalmente di processi normali che non ven";"agg. considérable, remarquable";11.5.1996 00:00:00;1.9.1990 00:00:00;2;"Sopraffatti dal nulla";;1,00;0,00;0,00;0
152;"collegàre";;;0;"Ma che dire della notevole contraddizione fra i sintomi minacciosi che il paziente avverte e l´assenza nella maggior parte dei casi di una causa somatica? Per  quanto riguarda le percezioni somatiche, si tratta generalmente di processi normali che non ven";"vt. 1. relier, réunir, joindre
2. (fig) coordonner, relier: - due conettti";11.5.1996 00:00:00;1.9.1990 00:00:00;2;"Sopraffatti dal nulla";;1,00;0,00;0,00;0
153;"innestàre";;;0;"Nelle persone che soffrono di improvvisi attachhi d´angoscia, apparentemente inspiegabili, si è innestato di regola un simile circolo vizioso tra le varie componenti della normale reazione di paura. Il circolo vizioso può prendere le mosse da percezioni, ";"vtr. 1. (mecc.) engager
2. (mecc. tecnol.) enclencher";11.5.1996 00:00:00;1.9.1990 00:00:00;2;"Sopraffatti dal nulla";;1,00;0,00;0,00;0
154;"mòssa";;"la";0;"Nelle persone che soffrono di improvvisi attachhi d´angoscia, apparentemente inspiegabili, si è innestato di regola un simile circolo vizioso tra le varie componenti della normale reazione di paura. Il circolo vizioso può prendere le mosse da percezioni, ";"1. le mouvement, le geste: spiare le mosse del nemico
2. (fig) la manoeuvre: una mossa intelligente";11.5.1996 00:00:00;1.9.1990 00:00:00;2;"Sopraffatti dal nulla";;1,00;0,00;0,00;0
155;"tràtto";;"il";0;"Immaginate di notare ad un tratto che il cuore comincia a battere più rapido. Non avendo una spiegazione di questi sintomi, entrate in ansia. Contemporaneamente pensate di essere sul punto di svenire...I pensieri cominciano a vorticare, vi sentite confusi";"1. le trait: - un - di penna
2. le temps: di - in - 
3. le moment, l´instant: a tratti, par moments";11.5.1996 00:00:00;1.9.1990 00:00:00;2;"Sopraffatti dal nulla";;1,00;0,00;0,00;0
156;"vorticàre";;;0;"Immaginate di notare ad un tratto che il cuore comincia a battere più rapido. Non avendo una spiegazione di questi sintomi, entrate in ansia. Contemporaneamente pensate di essere sul punto di svenire...I pensieri cominciano a vorticare, vi sentite confusi";"vintr. tourbillonner";11.5.1996 00:00:00;1.9.1990 00:00:00;2;"Sopraffatti dal nulla";;1,00;0,00;0,00;0
157;"svenìre";;;0;"Immaginate di notare ad un tratto che il cuore comincia a battere più rapido. Non avendo una spiegazione di questi sintomi, entrate in ansia. Contemporaneamente pensate di essere sul punto di svenire...I pensieri cominciano a vorticare, vi sentite confusi";"vi. s´évanouir, défaillir";11.5.1996 00:00:00;1.9.1990 00:00:00;2;"Sopraffatti dal nulla";;1,00;0,00;0,00;0
158;"pètto";;"il";0;"Immaginate di notare ad un tratto che il cuore comincia a battere più rapido. Non avendo una spiegazione di questi sintomi, entrate in ansia. Contemporaneamente pensate di essere sul punto di svenire...I pensieri cominciano a vorticare, vi sentite confusi";"la poitrine 
(fig) a petto di à côté de";11.5.1996 00:00:00;1.9.1990 00:00:00;2;"Sopraffatti dal nulla";;1,00;0,00;0,00;0
159;"accòrgersi";;;0;"Immaginate di notare ad un tratto che il cuore comincia a battere più rapido. Non avendo una spiegazione di questi sintomi, entrate in ansia. Contemporaneamente pensate di essere sul punto di svenire...I pensieri cominciano a vorticare, vi sentite confusi";"vi pron. s´apercevoir, s´aviser: non mi ero accorto dell´errore
ma non ti accorgi di quello che stai dicendo?";11.5.1996 00:00:00;1.9.1990 00:00:00;2;"Sopraffatti dal nulla";;1,00;0,00;0,00;0
160;"scomparìre";;;0;"Immaginate di notare ad un tratto che il cuore comincia a battere più rapido. Non avendo una spiegazione di questi sintomi, entrate in ansia. Contemporaneamente pensate di essere sul punto di svenire...I pensieri cominciano a vorticare, vi sentite confusi";"vi. 1. disparaître";11.5.1996 00:00:00;1.9.1990 00:00:00;2;"Sopraffatti dal nulla";;1,00;0,00;0,00;0
161;"mòto";;"il";0;"L´esempio che segue illustra un circolo vizioso messo in moto dai pensieri.
Leggete sul giornale che una persona della vostra età è morta di un infarto. Pensate: ""Potrei morire anch´io di un infarto. Il mio cuore non potrà reggere a molti altri attacchi ";"1. le mouvement";11.5.1996 00:00:00;1.9.1990 00:00:00;2;"Sopraffatti dal nulla";;1,00;0,00;0,00;0
162;"règgere";;;0;"L´esempio che segue illustra un circolo vizioso messo in moto dai pensieri.
Leggete sul giornale che una persona della vostra età è morta di un infarto. Pensate: ""Potrei morire anch´io di un infarto. Il mio cuore non potrà reggere a molti altri attacchi ";"vt. 1. (sorreggere) soutenir
vi. 1. résister: - alla fatica
2. soutenir, supporter: non - al paragone";11.5.1996 00:00:00;1.9.1990 00:00:00;2;"Sopraffatti dal nulla";;1,00;0,00;0,00;0
163;"frattèmpo";;;0;"L´esempio che segue illustra un circolo vizioso messo in moto dai pensieri.
Leggete sul giornale che una persona della vostra età è morta di un infarto. Pensate: ""Potrei morire anch´io di un infarto. Il mio cuore non potrà reggere a molti altri attacchi ";"(solo in loc. avv.) 
1. en attendant, pendant ce temps, entre-temps
nel - visiterò la città";11.5.1996 00:00:00;1.9.1990 00:00:00;2;"Sopraffatti dal nulla";;1,00;0,00;0,00;0
164;"rispecchiàre";;;0;"Come ci hanno poi riferito, quasi tutti questi soggetti hanno sofferto durante l´esperimento uno stato di grande ansia - rispecchiato peraltro anche dall´aumento della pressione arteriosa e dall´autentica accelerazione del polso.";"vtr. (pr e fig) refléter";11.5.1996 00:00:00;1.9.1990 00:00:00;2;"Sopraffatti dal nulla";;1,00;0,00;0,00;0
165;"in sede di";;;0;"Una causa del lungo disinteresse per la sindrome di panico in sede di ricerca e di prassi terapeutica potrebbe aver a che fare con lo scarso successo dei corrispondenti approcci di trattamento.";"au moment, pendant; in - di esami";11.5.1996 00:00:00;1.9.1990 00:00:00;2;"Sopraffatti dal nulla";;1,00;0,00;0,00;0
166;"pràssi";;"la";0;"Una causa del lungo disinteresse per la sindrome di panico in sede di ricerca e di prassi terapeutica potrebbe aver a che fare con lo scarso successo dei corrispondenti approcci di trattamento.";"1. (filos.) la praxis
2. la pratique";11.5.1996 00:00:00;1.9.1990 00:00:00;2;"Sopraffatti dal nulla";;1,00;0,00;0,00;0
167;"scàrso";;;0;"Una causa del lungo disinteresse per la sindrome di panico in sede di ricerca e di prassi terapeutica potrebbe aver a che fare con lo scarso successo dei corrispondenti approcci di trattamento.";"agg. 1. maigre: scarse risorse
2. (insufficiente) insuffisant";11.5.1996 00:00:00;1.9.1990 00:00:00;2;"Sopraffatti dal nulla";;1,00;0,00;0,00;0
168;"affrettàre";;;0;"Quello delle ""sette"" religiose è un argomento complesso, spesso oggetto di pregiudizi e valutazioni affrettate. Nelle pagine seguenti si tenterà di inquadrare il problema definendone i contorni, spesso sfuggenti e contraddittori.";"vt. 1. hater, presser, précipiter: - la partenza
2. accélérer: - i lavori";12.5.1996 00:00:00;1.9.1991 00:00:00;2;"Le sette: storie di ""straordinaria follia""?";;1,00;0,00;0,00;0
169;"inquadràre";;;0;"Quello delle ""sette"" religiose è un argomento complesso, spesso oggetto di pregiudizi e valutazioni affrettate. Nelle pagine seguenti si tenterà di inquadrare il problema definendone i contorni, spesso sfuggenti e contraddittori.";"vt. 1. (anche mil.) encadrer: - una foto
2. (fig) situer: - un autore nel suo tempo";12.5.1996 00:00:00;1.9.1991 00:00:00;2;"Le sette: storie di ""straordinaria follia""?";;1,00;0,00;0,00;0
170;"stabilìre";;;0;"È difficile stabilire in molti casi dove finisca la setta e inizi il movimento religioso, e se il termine setta con il suo significato denigratorio sia usato per invalidare forme di culto inconsuete o minoritarie.";"vt. 1. établir, fixer: - la propia dimora in un luogo
2. décider: stabilì di andarsene";12.5.1996 00:00:00;1.9.1991 00:00:00;2;"Le sette: storie di ""straordinaria follia""?";;1,00;0,00;0,00;0
171;"smarrìre";;;0;"Tutto questo fa dei movimenti religiosi, vecchi o nuovi, radicali o sincretisti che siano, un arcipelago complicato entro cui è facile smarrirsi anche per lo psicologo, soprattutto se culturalmente alieno e sociologicamente impreparato.";"vt. perdre, égarer; (fig) - la strada
vi pron se perdre, s´égarer, se paumer";12.5.1996 00:00:00;1.9.1991 00:00:00;2;"Le sette: storie di ""straordinaria follia""?";;1,00;0,00;0,00;0
172;"corrèdo";;"il";0;"Non basta il corredo biologico a creare un bambino prodigio: quello che conta è la ""co-incidenza"" tra speciali attitudini innate, una famiglia sensibile e ricettiva, e un´epoca storica culturalmente propizia.";"1. le trousseau: - da sposa
2. le matériel: - di un ufficio
3. (fig: di nozioni) le bagage";12.5.1996 00:00:00;1.9.1991 00:00:00;2;"Quando la natura fa centro";;1,00;0,00;0,00;0
173;"compàrsa";;"la";0;"Secondo questa teoria, per produrre un bambino prodigio è necessaria una rara combinazione di eventi: ""È la convergenza fortuita di inclinazioni individuali altamente specifiche con una specifica ricettività ambientale a permettere la comparsa di un bambi";"l´apparition 
2. (cine, teatro etc.) le figurant, le comparse";12.5.1996 00:00:00;1.9.1991 00:00:00;2;"Quando la natura fa centro";;1,00;0,00;0,00;0
174;"padroneggiàre";;;0;"I bambini prodigio hanno, secondo Feldman, un dono naturale per assimilare e padroneggiare un qualche specifico campo del sapere.";"vt. 1. maîtriser: - i propi sentimenti
2. (fig. conoscere a fondo) posséder à fond";12.5.1996 00:00:00;1.9.1991 00:00:00;2;"Quando la natura fa centro";;1,00;0,00;0,00;0
175;"rispondènza";;"la";0;"La rispondenza fra una certa disciplina e un talento individuale non basta però a garantire la comparsa del prodigio: risultati fuori dell´ordinario non si ottengono senza uno sforzo notevole da parte del bambino, per quanto dotato sia.";"1. la correspondance
2. (ripercussione) la répercussion";12.5.1996 00:00:00;1.9.1991 00:00:00;2;"Quando la natura fa centro";;1,00;0,00;0,00;0
176;"allevàre";;;0;"Allevare un bambino prodigio ""esige una quantità di energia, impegno, sensibilità e pazienza superiore a quella che possiede la maggior parte di noi"".";"vt. 1. élever: - un bambino
2. (di animali, a scopo di sfruttamento) faire l´élevage de";12.5.1996 00:00:00;1.9.1991 00:00:00;2;"Quando la natura fa centro";;1,00;0,00;0,00;0
177;"inaridìre";;;0;"Anche quando un talento eccezionale si manifesta e trova incoraggiamento nei genitori, può inaridirsi se la società non lo sostiene.";"vt. 1 (anche fig) dessécher: il calore gli inaridiva la gola
2. épuiser: - il terreno
3. tarir, dessécher: - una sorgente";12.5.1996 00:00:00;1.9.1991 00:00:00;2;"Quando la natura fa centro";;1,00;0,00;0,00;0
178;"intréccio";;"l´";0;"Il bambino, il suo campo d´elezione, la famiglia e la società devono trovare esattamente la giusta corrispondenza per produrre un prodigio. L´improbabilità di un tale sottile intreccio di forze spiega perché lo sviluppo di un bambino prodigio sia un event";"1. le tressage
2. l´entrelacement
3. (fig) l´intrigue";12.5.1996 00:00:00;1.9.1991 00:00:00;2;"Quando la natura fa centro";;1,00;0,00;0,00;0
179;"ravvicinàre";;;0;"La teoria di Feldman, che parte dallo studio ravvicinato e accurato di talenti estremamente specializzati, rimanda indirettamente e quasi inevitabilmente a un interrogativo del genere. Che accadrebbe, in altre parole, ai bambini in generale quando fossero";"vt. (pr e fig) rapprocher
v. rifl. (pr e fig) se rapprocher (de): ravvicinarsi alla famiglia";12.5.1996 00:00:00;1.9.1991 00:00:00;2;"Quando la natura fa centro";;1,00;0,00;0,00;0
180;"rimandàre";;;0;"La teoria di Feldman, che parte dallo studio ravvicinato e accurato di talenti estremamente specializzati, rimanda indirettamente e quasi inevitabilmente a un interrogativo del genere. Che accadrebbe, in altre parole, ai bambini in generale quando fossero";"vt. 1. renvoyer: - la palla
2. renvoyer, différer, repousser";12.5.1996 00:00:00;1.9.1991 00:00:00;2;"Quando la natura fa centro";;1,00;0,00;0,00;0
181;"incanalàre";;;0;"Le cose ci aiutano ad incanalare l´energia psichica verso scopi che danno senso alla vita. Aiutano a perfezionare le competenze e a plasmare l´identità di chi le usa. Da qualche indizio sembra che le persone che si curano poco degli oggetti non si curino ";"vt. canaliser: - il traffico
vi pron. 1. se canaliser 2. se diriger";12.5.1996 00:00:00;1.9.1991 00:00:00;2;"I segreti delle cose";;1,00;0,00;0,00;0
182;"plasmàre";;;0;"Le cose ci aiutano ad incanalare l´energia psichica verso scopi che danno senso alla vita. Aiutano a perfezionare le competenze e a plasmare l´identità di chi le usa. Da qualche indizio sembra che le persone che si curano poco degli oggetti non si curino ";"vt. 1. modeler, pétrir
2. (fig) façonner, former";12.5.1996 00:00:00;1.9.1991 00:00:00;2;"I segreti delle cose";;1,00;0,00;0,00;0
183;"curàre";;;0;"Le cose ci aiutano ad incanalare l´energia psichica verso scopi che danno senso alla vita. Aiutano a perfezionare le competenze e a plasmare l´identità di chi le usa. Da qualche indizio sembra che le persone che si curano poco degli oggetti non si curino ";"vt. 1. soigner: - un malato
2. soigner, avoir soin de, prendre soin (de): - i propi interessi
3. veiller (à): curate che non manchi nulla";12.5.1996 00:00:00;1.9.1991 00:00:00;2;"I segreti delle cose";;1,00;0,00;0,00;0
184;"prégio";;"il";0;"Un avvocato che nel corso della sua vita aveva accumulato in casa molti oggetti di pregio ne parlava generalemente con indifferenza. Ma quando gli fu chiesto quale fosse l´oggetto più strettamente suo tacque un momento e poi invitò l´intervistatrice a sce";"1. (valore) la valeur: è roba di poco -
2. la qualité: i pregi letterari di un´opera
3. (merito) le mérite";12.5.1996 00:00:00;1.9.1991 00:00:00;2;"I segreti delle cose";;1,00;0,00;0,00;0
185;"tacére";;;0;"Un avvocato che nel corso della sua vita aveva accumulato in casa molti oggetti di pregio ne parlava generalemente con indifferenza. Ma quando gli fu chiesto quale fosse l´oggetto più strettamente suo tacque un momento e poi invitò l´intervistatrice a sce";"vi. 1. se taire: abbiamo taciuto troppo
2. passer sous silence, ne rien dire: sull´incidente, i giornali tacciono";12.5.1996 00:00:00;1.9.1991 00:00:00;2;"I segreti delle cose";;1,00;0,00;0,00;0
186;"seminterràto";;"il";0;"Un avvocato che nel corso della sua vita aveva accumulato in casa molti oggetti di pregio ne parlava generalemente con indifferenza. Ma quando gli fu chiesto quale fosse l´oggetto più strettamente suo tacque un momento e poi invitò l´intervistatrice a sce";"le sous-sol";12.5.1996 00:00:00;1.9.1991 00:00:00;2;"I segreti delle cose";;1,00;0,00;0,00;0
187;"sèggiola";;"la";0;"Ecco per esempio come ci ha spiegato un adolescente la sua scelta del tavolo e delle sedie di cucina come oggetti speciali: ""Perché mi ci siedo, ci gioco, ci mangio, ci faccio un sacco di cose con le seggiole e il tavolo.""";"la chaise";12.5.1996 00:00:00;1.9.1991 00:00:00;2;"I segreti delle cose";;1,00;0,00;0,00;0
188;"sconvòlto";;;0;"Molti di loro (medici, avvocati..) nell´intervista hanno manifestato un vero terrore all´idea di esser privati dei supporti tangibili della loro identità professionale: ""Sarebbe tremendo. Sarei sconvolto senza i libri. Non riuscirei più a sentirmi a posto";"agg. 1. bouleversé; 
2. (devastato) ravagé";12.5.1996 00:00:00;1.9.1991 00:00:00;2;"I segreti delle cose";;1,00;0,00;0,00;0
189;"mangianàstri";;"il";0;"Un quinto dei soggetti ha indicato fra le cose predilette lo stereo o il mangianastri. Qui l´età faceva una grandissima differenza: il 46% dei ragazzi contro il 18% dei genitori e appena il 6% dei nonni.";"le magnétocassette, le magnétophone à cassettes";12.5.1996 00:00:00;1.9.1991 00:00:00;2;"I segreti delle cose";;1,00;0,00;0,00;0
190;"sbalzo";;"lo";0;"La musica quindi sembra avere l´effetto di modulare le emozioni, di compensare i sentimenti negativi. L´importanza di questa funzione è grande nell´adolescenza, quando gli sbalzi d´umore sono decisamente maggiori che nell´adulto.";"1. le bond, la secousse, la saccade
2. (fig) l´écart";12.5.1996 00:00:00;1.9.1991 00:00:00;2;"I segreti delle cose";;1,00;0,00;0,00;0
191;"annèttere";;;0;"Quanto agli apparecchi televisivi, gli uomini li citavano più delle donne (29% contro il 14%). La generazione più giovane era quella che vi annetteva il maggior significato (37%), seguita dagli anziani (23%).
Spesso le ragioni fornite per giustificare l´";"vt. 1. rattacher: - un magazzino alla fabbrica
2. joindre, unir: - un foglio a una lettera
3. (fig) attribuer: - importanza a q.";12.5.1996 00:00:00;1.9.1991 00:00:00;2;"I segreti delle cose";;1,00;0,00;0,00;0
192;"sfumatura";;"la";0;"Quanto agli apparecchi televisivi, gli uomini li citavano più delle donne (29% contro il 14%). La generazione più giovane era quella che vi annetteva il maggior significato (37%), seguita dagli anziani (23%).
Spesso le ragioni fornite per giustificare l´";"1. (anche fig) la nuance
2. (acconc.) la coupe";12.5.1996 00:00:00;1.9.1991 00:00:00;2;"I segreti delle cose";;1,00;0,00;0,00;0
193;"gòffo";;;0;"L´esempio che più ci ha colpiti è quello di una donna che ha mostrato all´intervistatrice, quale oggetto per lei specialissimo, un´orribile statuetta cromata che riproduceva goffamente la Venere di Milo.";"agg. gauche, maladroit, emprunté";12.5.1996 00:00:00;1.9.1991 00:00:00;2;"I segreti delle cose";;1,00;0,00;0,00;0
194;"incantésimo";;"l´";0;"Il volgersi di molti alla magia, al misticismo e all´irrazionale è criticato spesso come una regressione, una fuga dalla realtà. Ma davvero la magia è solo un falso incantesimo per individui infantili e disturbati? Non potrebbe forse aprirci un varco alla";"1. l´enchantement
2. (fig) l´incantation, le charme: l´- di una dolce melodia";;;;;;1,00;0,00;0,00;0
195;"vàrco";;"il";0;"Il volgersi di molti alla magia, al misticismo e all´irrazionale è criticato spesso come una regressione, una fuga dalla realtà. Ma davvero la magia è solo un falso incantesimo per individui infantili e disturbati? Non potrebbe forse aprirci un varco alla";"le passage: aprirsi un -";;;0;;;1,00;0,00;0,00;0
196;"vòlgere";;;0;"Il volgersi di molti alla magia, al misticismo e all´irrazionale è criticato spesso come una regressione, una fuga dalla realtà. Ma davvero la magia è solo un falso incantesimo per individui infantili e disturbati? Non potrebbe forse aprirci un varco alla";"vt. 1. lever: - gli occhi al cielo
2. (fig) porter: - la propia attenzione a q., a qc.
3. tourner, détourner: - il pensiero a q.";;;0;;;1,00;0,00;0,00;0
197;"pungènte";;;0;"Un uomo con una lunga veste fluente è in piedi in una stanza semibuia, tappezzata di veluto rosso. A una certa distanza davanti a lui c´è un tavolo montato come un altare: da un incensiere sale un fumo pungente, dall´odore penetrante.";"agg. 1. pointu, acéré, piquant
2. (fig) piquant, vif, cuisant: un freddo -";;;0;;;1,00;0,00;0,00;0
198;"fluènte";;;0;"Un uomo con una lunga veste fluente è in piedi in una stanza semibuia, tappezzata di veluto rosso. A una certa distanza davanti a lui c´è un tavolo montato come un altare: da un incensiere sale un fumo pungente, dall´odore penetrante.";"agg. 1. flottant: capelli fluenti
2. coulant: stile -";;;0;;;1,00;0,00;0,00;0
199;"bùio";;;0;"Un uomo con una lunga veste fluente è in piedi in una stanza semibuia, tappezzata di veluto rosso. A una certa distanza davanti a lui c´è un tavolo mntato come un altare: da un incensiere sale un fumo pungente, dall´odore penetrante.";"agg. sombre, obscur: una viuzza buia une ruelle sombre";;;0;;;1,00;0,00;0,00;0
200;"assòrto";;;0;"Con la spada l´uomo ha tracciato intorno a sé un cerchio immaginario. Ora assume un atteggiamento assorto nella contemplazione. Lo si ode mormorare parole misteriose, ripetendo sempre le stesse sillabe.";"agg. 1. absorbé, plongé: essere - nella lettura
2. pensif, rêveur";;;0;;;1,00;0,00;0,00;0
201;"fragóre";;"il";0;"Fragore di battaglia riempe la stanza, mentre nubi di fumo caldo gli penetrano nel naso, rendendogli difficile il respiro. Di fronte a lui è in piedi un uomo imponente in armatura, col viso selvaggio e la spada sguainata. (L´uomo nel cerchio) distende ver";"le fracas";;;0;;;1,00;0,00;0,00;0
202;"afferràre";;;0;"Fragore di battaglia riempe la stanza, mentre nubi di fumo caldo gli penetrano nel naso, rendendogli difficile il respiro. Di fronte a lui è in piedi un uomo imponente in armatura, col viso selvaggio e la spada sguainata. (L´uomo nel cerchio) distende ver";"vt. 1. saisir, agripper: - q. per il braccio
2. (fig) saisir: - l´occasione
3. (fig) saisir, appréhender: - il significato d´una frase";;;0;;;1,00;0,00;0,00;0
203;"sguainàre";;;0;"Fragore di battaglia riempe la stanza, mentre nubi di fumo caldo gli penetrano nel naso, rendendogli difficile il respiro. Di fronte a lui è in piedi un uomo imponente in armatura, col viso selvaggio e la spada sguainata. (L´uomo nel cerchio) distende ver";"vt. dégainer: - la spada";;;0;;;1,00;0,00;0,00;0
204;"selvàggio";;;0;"Fragore di battaglia riempe la stanza, mentre nubi di fumo caldo gli penetrano nel naso, rendendogli difficile il respiro. Di fronte a lui è in piedi un uomo imponente in armatura, col viso selvaggio e la spada sguainata. (L´uomo nel cerchio) distende ver";"agg. sauvage";;;0;;;1,00;0,00;0,00;0
205;"scoppiàre";;;0;"Fragore di battaglia riempe la stanza, mentre nubi di fumo caldo gli penetrano nel naso, rendendogli difficile il respiro. Di fronte a lui è in piedi un uomo imponente in armatura, col viso selvaggio e la spada sguainata. (L´uomo nel cerchio) distende ver";"vi. 1. (pr e fig) crever: è scoppiata una gomma; mangiare fino a -
2. (pr e fig) éclater: è scoppiato un incendio; se non lo dico scoppio";;;0;;;1,00;0,00;0,00;0
206;"spalla";;"la";0;"Fragore di battaglia riempe la stanza, mentre nubi di fumo caldo gli penetrano nel naso, rendendogli difficile il respiro. Di fronte a lui è in piedi un uomo imponente in armatura, col viso selvaggio e la spada sguainata. (L´uomo nel cerchio) distende ver";"1. l´épaule; (fig) prendersi qc sulle spalle; (fig) vivere alle spalle di q. 
2. le dos: parlare dietro le spalle di q.";;;0;;;1,00;0,00;0,00;0
207;"colmàre";;;0;"Fragore di battaglia riempe la stanza, mentre nubi di fumo caldo gli penetrano nel naso, rendendogli difficile il respiro. Di fronte a lui è in piedi un uomo imponente in armatura, col viso selvaggio e la spada sguainata. (L´uomo nel cerchio) distende ver";"vt. remplir jusqu´au bord
2. (fig) combler, remplir: la notizia gli ha colmato il cuore di gioia
3. combler: - q. di gentilezze";;;0;;;1,00;0,00;0,00;0
208;"scòrrere";;;0;"Fragore di battaglia riempe la stanza, mentre nubi di fumo caldo gli penetrano nel naso, rendendogli difficile il respiro. Di fronte a lui è in piedi un uomo imponente in armatura, col viso selvaggio e la spada sguainata. (L´uomo nel cerchio) distende ver";"vi. 1. (pr e fig) couler: fai - l´acqua; una phrase che scorre bene
2. (scivolare) glisser
3. (di tempo) s´écouler";;;0;;;1,00;0,00;0,00;0
209;"rintracciàre";;;0;"Avete osservato che cosa succedeva dentro di voi mentre stavate leggendo la descrizione del rituale magico?
Prendetevi un momento di tempo e cercate di rintracciare le vostre reazioni: potrebbero chiarirvi l´atteggiamento che avete verso l´irrazionale.";"vt. 1. dépister: - il colpevole
2. retrouver, joindre: non so dove rintracciarlo
3. (scoprire) découvrir";14.5.1996 00:00:00;;0;;;1,00;0,00;0,00;0
210;"improntàre";;;0;"Le risposte di tipo storico-sociologico a questa domanda non mancano, per lo più improntate a un giudizio negativo. La tendenza a rivolgersi verso l´irrazionale sarebbe una reazione di paura e di fuga di fronte agli insolubili problemi sociopolitici, all´";"vt. imprimer: - un sigillo nella cera
2. (fig) empreindre: - il volto a tristezza";;;0;;;1,00;0,00;0,00;0
211;"l´inquinaménto";;;0;"Le risposte di tipo storico-sociologico a questa domanda non mancano, per lo più improntate a un giudizio negativo. La tendenza a rivolgersi verso l´irrazionale sarebbe una reazione di paura e di fuga di fronte agli insolubili problemi sociopolitici, all´";"la pollution";;;0;;;1,00;0,00;0,00;0
212;"trascuràre";;;0;"Queste argomentazioni possono essere in buona parte giuste, ma trascurano il fatto che i nuovi paradigmi cominciano sempre là dove meno ci si aspetta.
Rivolgersi all´irrazionale significa solo fuggire dalle responsabilità politico-sociali?";"vt. négliger: - la famiglia
2. (dimenticare) oublier, omettre
3. (fig) mépriser: - i particolari";;;0;;;1,00;0,00;0,00;0
213;"purché";;;0;"Mitologia, magia, mistica e meditazione non potrebbero aprirci vie d´accesso a una più adeguata comprensione della realtà e dinamica della psiche, purché le liberiamo dei loro accessori acritici, infantili e superstiziosi?";"1. cong. (in prop. condiz. con il v. al congiunt.)
pourvu que, à condition que
ti apetterò - tu faccia presto";;;0;;;1,00;0,00;0,00;0
214;"rigoglioso";;;0;"L´uomo moderno vive nel contesto di relazioni magiche molto più di quanto non creda. Non si intende con questo parlare dei residui, pur ancora rigogliosi, delle vecchie superstizioni, degli usi e costumi magici e religiosi, ma della normale vita quotidian";"agg. 1. vigoureux
2. (di vegetazione) exubérant, luxuriant
3. (fig) florissant: industria rigogliosa";;;0;;;1,00;0,00;0,00;0
215;"sovrappórre";;;0;"Alla maggior parte dei nostri rapporti interpersonali si sovrappongono magicamente immagini che ,ad esempio, attribuiscono al partner pregi o difetti dei nostri genitori, o ci fanno apparire i superiori nelle vesti dei severi inseganti che abbiamo conosci";"vt. 1. superposer
2. (fig) faire prévaloir";;;0;;;1,00;0,00;0,00;0
216;"prègio";;"il";0;"Alla maggior parte dei nostri rapporti interpersonali si sovrappongono magicamente immagini che ,ad esempio, attribuiscono al partner pregi o difetti dei nostri genitori, o ci fanno apparire i superiori nelle vesti dei severi inseganti che abbiamo conosci";"1. (valore) la valeur: è roba di poco -
2. (qualità) la qualité: i pregi letterari di un´opera
3. (merito) le mérite: farsi un - di qc.";;;0;;;1,00;0,00;0,00;0
217;"repentàglio";;"il";0;"Ogni trasformazione o pericolo che minacci questi oggetti carichi di valore magico può quindi mettere gravemente a repentaglio i nostro senso d´identità.";"le danger: mettere a - la propia vita";;;0;;;1,00;0,00;0,00;0
218;"caricàre";;;0;"Ogni trasformazione o pericolo che minacci questi oggetti carichi di valore magico può quindi mettere gravemente a repentaglio i nostro senso d´identità.";"vt. 1. charger: - i bagagli sul treno
2. embarquer: - i passeggeri sull´areo";;;0;;;1,00;0,00;0,00;0
219;"apprendiménto";;"l´";0;"Una teoria e terapia psicologica che parta dall´idea che fattori archetipici come sesso, aggressione, sentimenti d´inferiorità... altro non siano che acquisizioni degli apprendimenti individuali, e quindi modificabili a piacere, porta alla rimozione dell´";"1. l´étude: l´- del francese
2. l´apprentissage: l´- di un mestiere";;;0;;;1,00;0,00;0,00;0
220;"rimozióne";;"la";0;"Una teoria e terapia psicologica che parta dall´idea che fattori archetipici come sesso, aggressione, sentimenti d´inferiorità... altro non siano che acquisizioni degli apprendimenti individuali, e quindi modificabili a piacere, porta alla rimozione dell´";"1. le déplacement
2. la levée: (fig) la - di un ostacolo 
3. (destituzione) la destitution";;;0;;;1,00;0,00;0,00;0
